0 verbose cli /usr/bin/node /usr/lib/node_modules/npm/bin/npm-cli.js
1 info using npm@11.4.2
2 info using node@v24.4.1
3 silly config load:file:/usr/lib/node_modules/npm/npmrc
4 silly config load:file:/Users/jokarzy/leviathan/.npmrc
5 silly config load:file:/Users/jokarzy/leviathan/"/Users/jokarzy"/.npmrc
6 silly config load:file:/usr/etc/npmrc
7 verbose title npm exec shadcn
8 verbose argv "exec" "--" "shadcn"
9 verbose logfile logs-max:10 dir:/Users/jokarzy/leviathan/"/Users/jokarzy"/.npm/_logs/2025-12-04T16_57_30_241Z-
10 verbose logfile /Users/jokarzy/leviathan/"/Users/jokarzy"/.npm/_logs/2025-12-04T16_57_30_241Z-debug-0.log
11 silly logfile done cleaning log files
12 silly packumentCache heap:568066048 maxSize:142016512 maxEntrySize:71008256
13 http fetch GET 200 https://registry.npmjs.org/npm 213ms
14 http fetch GET 200 https://registry.npmjs.org/shadcn 176ms (cache miss)
15 silly packumentCache heap:568066048 maxSize:142016512 maxEntrySize:71008256
16 silly packumentCache heap:568066048 maxSize:142016512 maxEntrySize:71008256
17 warn exec The following package was not found and will be installed: shadcn@3.5.1
18 silly idealTree buildDeps
19 silly fetch manifest shadcn@3.5.1
20 silly packumentCache full:https://registry.npmjs.org/shadcn cache-miss
21 http fetch GET 200 https://registry.npmjs.org/shadcn 52ms (cache miss)
22 silly packumentCache full:https://registry.npmjs.org/shadcn set size:undefined disposed:false
23 silly placeDep ROOT shadcn@3.5.1 OK for:  want: 3.5.1
24 silly fetch manifest @antfu/ni@^25.0.0
25 silly packumentCache full:https://registry.npmjs.org/@antfu%2fni cache-miss
26 http fetch GET 200 https://registry.npmjs.org/@antfu%2fni 108ms (cache miss)
27 silly packumentCache full:https://registry.npmjs.org/@antfu%2fni set size:undefined disposed:false
28 silly fetch manifest @babel/core@^7.28.0
29 silly packumentCache full:https://registry.npmjs.org/@babel%2fcore cache-miss
30 http fetch GET 200 https://registry.npmjs.org/@babel%2fcore 62ms (cache miss)
31 silly packumentCache full:https://registry.npmjs.org/@babel%2fcore set size:undefined disposed:false
32 silly fetch manifest @babel/parser@^7.28.0
33 silly packumentCache full:https://registry.npmjs.org/@babel%2fparser cache-miss
34 http fetch GET 200 https://registry.npmjs.org/@babel%2fparser 66ms (cache miss)
35 silly packumentCache full:https://registry.npmjs.org/@babel%2fparser set size:undefined disposed:false
36 silly fetch manifest @babel/plugin-transform-typescript@^7.28.0
37 silly packumentCache full:https://registry.npmjs.org/@babel%2fplugin-transform-typescript cache-miss
38 http fetch GET 200 https://registry.npmjs.org/@babel%2fplugin-transform-typescript 64ms (cache miss)
39 silly packumentCache full:https://registry.npmjs.org/@babel%2fplugin-transform-typescript set size:undefined disposed:false
40 silly fetch manifest @babel/preset-typescript@^7.27.1
41 silly packumentCache full:https://registry.npmjs.org/@babel%2fpreset-typescript cache-miss
42 http fetch GET 200 https://registry.npmjs.org/@babel%2fpreset-typescript 67ms (cache miss)
43 silly packumentCache full:https://registry.npmjs.org/@babel%2fpreset-typescript set size:undefined disposed:false
44 silly fetch manifest @dotenvx/dotenvx@^1.48.4
45 silly packumentCache full:https://registry.npmjs.org/@dotenvx%2fdotenvx cache-miss
46 http fetch GET 200 https://registry.npmjs.org/@dotenvx%2fdotenvx 113ms (cache miss)
47 silly packumentCache full:https://registry.npmjs.org/@dotenvx%2fdotenvx set size:undefined disposed:false
48 silly fetch manifest @modelcontextprotocol/sdk@^1.17.2
49 silly packumentCache full:https://registry.npmjs.org/@modelcontextprotocol%2fsdk cache-miss
50 http fetch GET 200 https://registry.npmjs.org/@modelcontextprotocol%2fsdk 74ms (cache miss)
51 silly packumentCache full:https://registry.npmjs.org/@modelcontextprotocol%2fsdk set size:undefined disposed:false
52 silly fetch manifest browserslist@^4.26.2
53 silly packumentCache full:https://registry.npmjs.org/browserslist cache-miss
54 http fetch GET 200 https://registry.npmjs.org/browserslist 126ms (cache miss)
55 silly packumentCache full:https://registry.npmjs.org/browserslist set size:undefined disposed:false
56 silly fetch manifest commander@^14.0.0
57 silly packumentCache full:https://registry.npmjs.org/commander cache-miss
58 http fetch GET 200 https://registry.npmjs.org/commander 138ms (cache miss)
59 silly packumentCache full:https://registry.npmjs.org/commander set size:undefined disposed:false
60 silly fetch manifest cosmiconfig@^9.0.0
61 silly packumentCache full:https://registry.npmjs.org/cosmiconfig cache-miss
62 http fetch GET 200 https://registry.npmjs.org/cosmiconfig 121ms (cache miss)
63 silly packumentCache full:https://registry.npmjs.org/cosmiconfig set size:undefined disposed:false
64 silly fetch manifest dedent@^1.6.0
65 silly packumentCache full:https://registry.npmjs.org/dedent cache-miss
66 http fetch GET 200 https://registry.npmjs.org/dedent 60ms (cache miss)
67 silly packumentCache full:https://registry.npmjs.org/dedent set size:undefined disposed:false
68 silly fetch manifest deepmerge@^4.3.1
69 silly packumentCache full:https://registry.npmjs.org/deepmerge cache-miss
70 http fetch GET 200 https://registry.npmjs.org/deepmerge 52ms (cache miss)
71 silly packumentCache full:https://registry.npmjs.org/deepmerge set size:undefined disposed:false
72 silly fetch manifest diff@^8.0.2
73 silly packumentCache full:https://registry.npmjs.org/diff cache-miss
74 http fetch GET 200 https://registry.npmjs.org/diff 64ms (cache miss)
75 silly packumentCache full:https://registry.npmjs.org/diff set size:undefined disposed:false
76 silly fetch manifest execa@^9.6.0
77 silly packumentCache full:https://registry.npmjs.org/execa cache-miss
78 http fetch GET 200 https://registry.npmjs.org/execa 66ms (cache miss)
79 silly packumentCache full:https://registry.npmjs.org/execa set size:undefined disposed:false
80 silly fetch manifest fast-glob@^3.3.3
81 silly packumentCache full:https://registry.npmjs.org/fast-glob cache-miss
82 http fetch GET 200 https://registry.npmjs.org/fast-glob 55ms (cache miss)
83 silly packumentCache full:https://registry.npmjs.org/fast-glob set size:undefined disposed:false
84 silly fetch manifest fs-extra@^11.3.1
85 silly packumentCache full:https://registry.npmjs.org/fs-extra cache-miss
86 http fetch GET 200 https://registry.npmjs.org/fs-extra 40ms (cache miss)
87 silly packumentCache full:https://registry.npmjs.org/fs-extra set size:undefined disposed:false
88 silly fetch manifest fuzzysort@^3.1.0
89 silly packumentCache full:https://registry.npmjs.org/fuzzysort cache-miss
90 http fetch GET 200 https://registry.npmjs.org/fuzzysort 300ms (cache miss)
91 silly packumentCache full:https://registry.npmjs.org/fuzzysort set size:undefined disposed:false
92 silly fetch manifest https-proxy-agent@^7.0.6
93 silly packumentCache full:https://registry.npmjs.org/https-proxy-agent cache-miss
94 http fetch GET 200 https://registry.npmjs.org/https-proxy-agent 41ms (cache miss)
95 silly packumentCache full:https://registry.npmjs.org/https-proxy-agent set size:undefined disposed:false
96 silly fetch manifest kleur@^4.1.5
97 silly packumentCache full:https://registry.npmjs.org/kleur cache-miss
98 http fetch GET 200 https://registry.npmjs.org/kleur 47ms (cache miss)
99 silly packumentCache full:https://registry.npmjs.org/kleur set size:undefined disposed:false
100 silly fetch manifest msw@^2.10.4
101 silly packumentCache full:https://registry.npmjs.org/msw cache-miss
102 http fetch GET 200 https://registry.npmjs.org/msw 62ms (cache miss)
103 silly packumentCache full:https://registry.npmjs.org/msw set size:undefined disposed:false
104 silly fetch manifest node-fetch@^3.3.2
105 silly packumentCache full:https://registry.npmjs.org/node-fetch cache-miss
106 http fetch GET 200 https://registry.npmjs.org/node-fetch 79ms (cache miss)
107 silly packumentCache full:https://registry.npmjs.org/node-fetch set size:undefined disposed:false
108 silly fetch manifest ora@^8.2.0
109 silly packumentCache full:https://registry.npmjs.org/ora cache-miss
110 http fetch GET 200 https://registry.npmjs.org/ora 49ms (cache miss)
111 silly packumentCache full:https://registry.npmjs.org/ora set size:undefined disposed:false
112 silly fetch manifest postcss@^8.5.6
113 silly packumentCache full:https://registry.npmjs.org/postcss cache-miss
114 http fetch GET 200 https://registry.npmjs.org/postcss 60ms (cache miss)
115 silly packumentCache full:https://registry.npmjs.org/postcss set size:undefined disposed:false
116 silly fetch manifest prompts@^2.4.2
117 silly packumentCache full:https://registry.npmjs.org/prompts cache-miss
118 http fetch GET 200 https://registry.npmjs.org/prompts 32ms (cache miss)
119 silly packumentCache full:https://registry.npmjs.org/prompts set size:undefined disposed:false
120 silly fetch manifest recast@^0.23.11
121 silly packumentCache full:https://registry.npmjs.org/recast cache-miss
122 http fetch GET 200 https://registry.npmjs.org/recast 48ms (cache miss)
123 silly packumentCache full:https://registry.npmjs.org/recast set size:undefined disposed:false
124 silly fetch manifest stringify-object@^5.0.0
125 silly packumentCache full:https://registry.npmjs.org/stringify-object cache-miss
126 http fetch GET 200 https://registry.npmjs.org/stringify-object 39ms (cache miss)
127 silly packumentCache full:https://registry.npmjs.org/stringify-object set size:undefined disposed:false
128 silly fetch manifest ts-morph@^26.0.0
129 silly packumentCache full:https://registry.npmjs.org/ts-morph cache-miss
130 http fetch GET 200 https://registry.npmjs.org/ts-morph 59ms (cache miss)
131 silly packumentCache full:https://registry.npmjs.org/ts-morph set size:undefined disposed:false
132 silly fetch manifest tsconfig-paths@^4.2.0
133 silly packumentCache full:https://registry.npmjs.org/tsconfig-paths cache-miss
134 http fetch GET 200 https://registry.npmjs.org/tsconfig-paths 51ms (cache miss)
135 silly packumentCache full:https://registry.npmjs.org/tsconfig-paths set size:undefined disposed:false
136 silly fetch manifest zod@^3.24.1
137 silly packumentCache full:https://registry.npmjs.org/zod cache-miss
138 http fetch GET 200 https://registry.npmjs.org/zod 88ms (cache miss)
139 silly packumentCache full:https://registry.npmjs.org/zod set size:undefined disposed:false
140 silly fetch manifest zod-to-json-schema@^3.24.6
141 silly packumentCache full:https://registry.npmjs.org/zod-to-json-schema cache-miss
142 http fetch GET 200 https://registry.npmjs.org/zod-to-json-schema 44ms (cache miss)
143 silly packumentCache full:https://registry.npmjs.org/zod-to-json-schema set size:undefined disposed:false
144 silly fetch manifest @cfworker/json-schema@^4.1.1
145 silly packumentCache full:https://registry.npmjs.org/@cfworker%2fjson-schema cache-miss
146 http fetch GET 200 https://registry.npmjs.org/@cfworker%2fjson-schema 55ms (cache miss)
147 silly packumentCache full:https://registry.npmjs.org/@cfworker%2fjson-schema set size:undefined disposed:false
148 silly fetch manifest typescript@>=4.9.5
149 silly packumentCache full:https://registry.npmjs.org/typescript cache-miss
150 http fetch GET 200 https://registry.npmjs.org/typescript 346ms (cache miss)
151 silly packumentCache full:https://registry.npmjs.org/typescript set size:undefined disposed:false
152 silly fetch manifest babel-plugin-macros@^3.1.0
153 silly packumentCache full:https://registry.npmjs.org/babel-plugin-macros cache-miss
154 http fetch GET 200 https://registry.npmjs.org/babel-plugin-macros 51ms (cache miss)
155 silly packumentCache full:https://registry.npmjs.org/babel-plugin-macros set size:undefined disposed:false
156 silly fetch manifest typescript@>= 4.8.x
157 silly packumentCache full:https://registry.npmjs.org/typescript cache-miss
158 http cache https://registry.npmjs.org/typescript 55ms (cache hit)
159 silly packumentCache full:https://registry.npmjs.org/typescript set size:14971720 disposed:false
160 silly placeDep ROOT @antfu/ni@25.0.0 OK for: shadcn@3.5.1 want: ^25.0.0
161 silly placeDep ROOT @babel/core@7.28.5 OK for: shadcn@3.5.1 want: ^7.28.0
162 silly placeDep ROOT @babel/parser@7.28.5 OK for: shadcn@3.5.1 want: ^7.28.0
163 silly placeDep ROOT @babel/plugin-transform-typescript@7.28.5 OK for: shadcn@3.5.1 want: ^7.28.0
164 silly placeDep ROOT @babel/preset-typescript@7.28.5 OK for: shadcn@3.5.1 want: ^7.27.1
165 silly placeDep ROOT @dotenvx/dotenvx@1.51.1 OK for: shadcn@3.5.1 want: ^1.48.4
166 silly placeDep ROOT @modelcontextprotocol/sdk@1.24.3 OK for: shadcn@3.5.1 want: ^1.17.2
167 silly placeDep ROOT browserslist@4.28.1 OK for: shadcn@3.5.1 want: ^4.26.2
168 silly placeDep ROOT commander@14.0.2 OK for: shadcn@3.5.1 want: ^14.0.0
169 silly placeDep ROOT cosmiconfig@9.0.0 OK for: shadcn@3.5.1 want: ^9.0.0
170 silly placeDep ROOT dedent@1.7.0 OK for: shadcn@3.5.1 want: ^1.6.0
171 silly placeDep ROOT deepmerge@4.3.1 OK for: shadcn@3.5.1 want: ^4.3.1
172 silly placeDep ROOT diff@8.0.2 OK for: shadcn@3.5.1 want: ^8.0.2
173 silly placeDep ROOT execa@9.6.1 OK for: shadcn@3.5.1 want: ^9.6.0
174 silly placeDep ROOT fast-glob@3.3.3 OK for: shadcn@3.5.1 want: ^3.3.3
175 silly placeDep ROOT fs-extra@11.3.2 OK for: shadcn@3.5.1 want: ^11.3.1
176 silly placeDep ROOT fuzzysort@3.1.0 OK for: shadcn@3.5.1 want: ^3.1.0
177 silly placeDep ROOT https-proxy-agent@7.0.6 OK for: shadcn@3.5.1 want: ^7.0.6
178 silly placeDep ROOT kleur@4.1.5 OK for: shadcn@3.5.1 want: ^4.1.5
179 silly placeDep ROOT msw@2.12.4 OK for: shadcn@3.5.1 want: ^2.10.4
180 silly placeDep ROOT node-fetch@3.3.2 OK for: shadcn@3.5.1 want: ^3.3.2
181 silly placeDep ROOT ora@8.2.0 OK for: shadcn@3.5.1 want: ^8.2.0
182 silly placeDep ROOT postcss@8.5.6 OK for: shadcn@3.5.1 want: ^8.5.6
183 silly placeDep ROOT prompts@2.4.2 OK for: shadcn@3.5.1 want: ^2.4.2
184 silly placeDep ROOT recast@0.23.11 OK for: shadcn@3.5.1 want: ^0.23.11
185 silly placeDep ROOT stringify-object@5.0.0 OK for: shadcn@3.5.1 want: ^5.0.0
186 silly placeDep ROOT ts-morph@26.0.0 OK for: shadcn@3.5.1 want: ^26.0.0
187 silly placeDep ROOT tsconfig-paths@4.2.0 OK for: shadcn@3.5.1 want: ^4.2.0
188 silly placeDep ROOT zod@3.25.76 OK for: shadcn@3.5.1 want: ^3.24.1
189 silly placeDep ROOT zod-to-json-schema@3.25.0 OK for: shadcn@3.5.1 want: ^3.24.6
190 silly fetch manifest fzf@^0.5.2
191 silly packumentCache full:https://registry.npmjs.org/fzf cache-miss
192 http fetch GET 200 https://registry.npmjs.org/fzf 44ms (cache miss)
193 silly packumentCache full:https://registry.npmjs.org/fzf set size:undefined disposed:false
194 silly fetch manifest ansis@^4.0.0
195 silly packumentCache full:https://registry.npmjs.org/ansis cache-miss
196 http fetch GET 200 https://registry.npmjs.org/ansis 37ms (cache miss)
197 silly packumentCache full:https://registry.npmjs.org/ansis set size:undefined disposed:false
198 silly fetch manifest tinyexec@^1.0.1
199 silly packumentCache full:https://registry.npmjs.org/tinyexec cache-miss
200 http fetch GET 200 https://registry.npmjs.org/tinyexec 33ms (cache miss)
201 silly packumentCache full:https://registry.npmjs.org/tinyexec set size:undefined disposed:false
202 silly fetch manifest package-manager-detector@^1.3.0
203 silly packumentCache full:https://registry.npmjs.org/package-manager-detector cache-miss
204 http fetch GET 200 https://registry.npmjs.org/package-manager-detector 32ms (cache miss)
205 silly packumentCache full:https://registry.npmjs.org/package-manager-detector set size:undefined disposed:false
206 silly fetch manifest @babel/code-frame@^7.27.1
207 silly packumentCache full:https://registry.npmjs.org/@babel%2fcode-frame cache-miss
208 http fetch GET 200 https://registry.npmjs.org/@babel%2fcode-frame 46ms (cache miss)
209 silly packumentCache full:https://registry.npmjs.org/@babel%2fcode-frame set size:undefined disposed:false
210 silly fetch manifest @babel/generator@^7.28.5
211 silly packumentCache full:https://registry.npmjs.org/@babel%2fgenerator cache-miss
212 http fetch GET 200 https://registry.npmjs.org/@babel%2fgenerator 49ms (cache miss)
213 silly packumentCache full:https://registry.npmjs.org/@babel%2fgenerator set size:undefined disposed:false
214 silly fetch manifest @babel/helper-compilation-targets@^7.27.2
215 silly packumentCache full:https://registry.npmjs.org/@babel%2fhelper-compilation-targets cache-miss
216 http fetch GET 200 https://registry.npmjs.org/@babel%2fhelper-compilation-targets 45ms (cache miss)
217 silly packumentCache full:https://registry.npmjs.org/@babel%2fhelper-compilation-targets set size:undefined disposed:false
218 silly fetch manifest @babel/helper-module-transforms@^7.28.3
219 silly packumentCache full:https://registry.npmjs.org/@babel%2fhelper-module-transforms cache-miss
220 http fetch GET 200 https://registry.npmjs.org/@babel%2fhelper-module-transforms 48ms (cache miss)
221 silly packumentCache full:https://registry.npmjs.org/@babel%2fhelper-module-transforms set size:undefined disposed:false
222 silly fetch manifest @babel/helpers@^7.28.4
223 silly packumentCache full:https://registry.npmjs.org/@babel%2fhelpers cache-miss
224 http fetch GET 200 https://registry.npmjs.org/@babel%2fhelpers 53ms (cache miss)
225 silly packumentCache full:https://registry.npmjs.org/@babel%2fhelpers set size:undefined disposed:false
226 silly fetch manifest @babel/parser@^7.28.5
227 silly packumentCache full:https://registry.npmjs.org/@babel%2fparser cache-miss
228 http cache https://registry.npmjs.org/@babel%2fparser 10ms (cache hit)
229 silly packumentCache full:https://registry.npmjs.org/@babel%2fparser set size:702781 disposed:false
230 silly fetch manifest @babel/template@^7.27.2
231 silly packumentCache full:https://registry.npmjs.org/@babel%2ftemplate cache-miss
232 http fetch GET 200 https://registry.npmjs.org/@babel%2ftemplate 61ms (cache miss)
233 silly packumentCache full:https://registry.npmjs.org/@babel%2ftemplate set size:undefined disposed:false
234 silly fetch manifest @babel/traverse@^7.28.5
235 silly packumentCache full:https://registry.npmjs.org/@babel%2ftraverse cache-miss
236 http fetch GET 200 https://registry.npmjs.org/@babel%2ftraverse 66ms (cache miss)
237 silly packumentCache full:https://registry.npmjs.org/@babel%2ftraverse set size:undefined disposed:false
238 silly fetch manifest @babel/types@^7.28.5
239 silly packumentCache full:https://registry.npmjs.org/@babel%2ftypes cache-miss
240 http fetch GET 200 https://registry.npmjs.org/@babel%2ftypes 55ms (cache miss)
241 silly packumentCache full:https://registry.npmjs.org/@babel%2ftypes set size:undefined disposed:false
242 silly fetch manifest @jridgewell/remapping@^2.3.5
243 silly packumentCache full:https://registry.npmjs.org/@jridgewell%2fremapping cache-miss
244 http fetch GET 200 https://registry.npmjs.org/@jridgewell%2fremapping 50ms (cache miss)
245 silly packumentCache full:https://registry.npmjs.org/@jridgewell%2fremapping set size:undefined disposed:false
246 silly fetch manifest convert-source-map@^2.0.0
247 silly packumentCache full:https://registry.npmjs.org/convert-source-map cache-miss
248 http fetch GET 200 https://registry.npmjs.org/convert-source-map 35ms (cache miss)
249 silly packumentCache full:https://registry.npmjs.org/convert-source-map set size:undefined disposed:false
250 silly fetch manifest debug@^4.1.0
251 silly packumentCache full:https://registry.npmjs.org/debug cache-miss
252 http fetch GET 200 https://registry.npmjs.org/debug 35ms (cache miss)
253 silly packumentCache full:https://registry.npmjs.org/debug set size:undefined disposed:false
254 silly fetch manifest gensync@^1.0.0-beta.2
255 silly packumentCache full:https://registry.npmjs.org/gensync cache-miss
256 http fetch GET 200 https://registry.npmjs.org/gensync 37ms (cache miss)
257 silly packumentCache full:https://registry.npmjs.org/gensync set size:undefined disposed:false
258 silly fetch manifest json5@^2.2.3
259 silly packumentCache full:https://registry.npmjs.org/json5 cache-miss
260 http fetch GET 200 https://registry.npmjs.org/json5 30ms (cache miss)
261 silly packumentCache full:https://registry.npmjs.org/json5 set size:undefined disposed:false
262 silly fetch manifest semver@^6.3.1
263 silly packumentCache full:https://registry.npmjs.org/semver cache-miss
264 http fetch GET 200 https://registry.npmjs.org/semver 41ms (cache miss)
265 silly packumentCache full:https://registry.npmjs.org/semver set size:undefined disposed:false
266 silly fetch manifest @babel/helper-annotate-as-pure@^7.27.3
267 silly packumentCache full:https://registry.npmjs.org/@babel%2fhelper-annotate-as-pure cache-miss
268 http fetch GET 200 https://registry.npmjs.org/@babel%2fhelper-annotate-as-pure 47ms (cache miss)
269 silly packumentCache full:https://registry.npmjs.org/@babel%2fhelper-annotate-as-pure set size:undefined disposed:false
270 silly fetch manifest @babel/helper-create-class-features-plugin@^7.28.5
271 silly packumentCache full:https://registry.npmjs.org/@babel%2fhelper-create-class-features-plugin cache-miss
272 http fetch GET 200 https://registry.npmjs.org/@babel%2fhelper-create-class-features-plugin 48ms (cache miss)
273 silly packumentCache full:https://registry.npmjs.org/@babel%2fhelper-create-class-features-plugin set size:undefined disposed:false
274 silly fetch manifest @babel/helper-plugin-utils@^7.27.1
275 silly packumentCache full:https://registry.npmjs.org/@babel%2fhelper-plugin-utils cache-miss
276 http fetch GET 200 https://registry.npmjs.org/@babel%2fhelper-plugin-utils 47ms (cache miss)
277 silly packumentCache full:https://registry.npmjs.org/@babel%2fhelper-plugin-utils set size:undefined disposed:false
278 silly fetch manifest @babel/helper-skip-transparent-expression-wrappers@^7.27.1
279 silly packumentCache full:https://registry.npmjs.org/@babel%2fhelper-skip-transparent-expression-wrappers cache-miss
280 http fetch GET 200 https://registry.npmjs.org/@babel%2fhelper-skip-transparent-expression-wrappers 48ms (cache miss)
281 silly packumentCache full:https://registry.npmjs.org/@babel%2fhelper-skip-transparent-expression-wrappers set size:undefined disposed:false
282 silly fetch manifest @babel/plugin-syntax-typescript@^7.27.1
283 silly packumentCache full:https://registry.npmjs.org/@babel%2fplugin-syntax-typescript cache-miss
284 http fetch GET 200 https://registry.npmjs.org/@babel%2fplugin-syntax-typescript 59ms (cache miss)
285 silly packumentCache full:https://registry.npmjs.org/@babel%2fplugin-syntax-typescript set size:undefined disposed:false
286 silly fetch manifest @babel/helper-validator-option@^7.27.1
287 silly packumentCache full:https://registry.npmjs.org/@babel%2fhelper-validator-option cache-miss
288 http fetch GET 200 https://registry.npmjs.org/@babel%2fhelper-validator-option 53ms (cache miss)
289 silly packumentCache full:https://registry.npmjs.org/@babel%2fhelper-validator-option set size:undefined disposed:false
290 silly fetch manifest @babel/plugin-syntax-jsx@^7.27.1
291 silly packumentCache full:https://registry.npmjs.org/@babel%2fplugin-syntax-jsx cache-miss
292 http fetch GET 200 https://registry.npmjs.org/@babel%2fplugin-syntax-jsx 45ms (cache miss)
293 silly packumentCache full:https://registry.npmjs.org/@babel%2fplugin-syntax-jsx set size:undefined disposed:false
294 silly fetch manifest @babel/plugin-transform-modules-commonjs@^7.27.1
295 silly packumentCache full:https://registry.npmjs.org/@babel%2fplugin-transform-modules-commonjs cache-miss
296 http fetch GET 200 https://registry.npmjs.org/@babel%2fplugin-transform-modules-commonjs 59ms (cache miss)
297 silly packumentCache full:https://registry.npmjs.org/@babel%2fplugin-transform-modules-commonjs set size:undefined disposed:false
298 silly fetch manifest fdir@^6.2.0
299 silly packumentCache full:https://registry.npmjs.org/fdir cache-miss
300 http fetch GET 200 https://registry.npmjs.org/fdir 37ms (cache miss)
301 silly packumentCache full:https://registry.npmjs.org/fdir set size:undefined disposed:false
302 silly fetch manifest execa@^5.1.1
303 silly packumentCache full:https://registry.npmjs.org/execa cache-miss
304 http cache https://registry.npmjs.org/execa 6ms (cache hit)
305 silly packumentCache full:https://registry.npmjs.org/execa set size:181234 disposed:false
306 silly fetch manifest which@^4.0.0
307 silly packumentCache full:https://registry.npmjs.org/which cache-miss
308 http fetch GET 200 https://registry.npmjs.org/which 43ms (cache miss)
309 silly packumentCache full:https://registry.npmjs.org/which set size:undefined disposed:false
310 silly fetch manifest dotenv@^17.2.1
311 silly packumentCache full:https://registry.npmjs.org/dotenv cache-miss
312 http fetch GET 200 https://registry.npmjs.org/dotenv 40ms (cache miss)
313 silly packumentCache full:https://registry.npmjs.org/dotenv set size:undefined disposed:false
314 silly fetch manifest ignore@^5.3.0
315 silly packumentCache full:https://registry.npmjs.org/ignore cache-miss
316 http fetch GET 200 https://registry.npmjs.org/ignore 42ms (cache miss)
317 silly packumentCache full:https://registry.npmjs.org/ignore set size:undefined disposed:false
318 silly fetch manifest eciesjs@^0.4.10
319 silly packumentCache full:https://registry.npmjs.org/eciesjs cache-miss
320 http fetch GET 200 https://registry.npmjs.org/eciesjs 37ms (cache miss)
321 silly packumentCache full:https://registry.npmjs.org/eciesjs set size:undefined disposed:false
322 silly fetch manifest commander@^11.1.0
323 silly packumentCache full:https://registry.npmjs.org/commander cache-miss
324 http cache https://registry.npmjs.org/commander 6ms (cache hit)
325 silly packumentCache full:https://registry.npmjs.org/commander set size:345426 disposed:false
326 silly fetch manifest picomatch@^4.0.2
327 silly packumentCache full:https://registry.npmjs.org/picomatch cache-miss
328 http fetch GET 200 https://registry.npmjs.org/picomatch 41ms (cache miss)
329 silly packumentCache full:https://registry.npmjs.org/picomatch set size:undefined disposed:false
330 silly fetch manifest object-treeify@1.1.33
331 silly packumentCache full:https://registry.npmjs.org/object-treeify cache-miss
332 http fetch GET 200 https://registry.npmjs.org/object-treeify 97ms (cache miss)
333 silly packumentCache full:https://registry.npmjs.org/object-treeify set size:undefined disposed:false
334 silly fetch manifest ajv@^8.17.1
335 silly packumentCache full:https://registry.npmjs.org/ajv cache-miss
336 http fetch GET 200 https://registry.npmjs.org/ajv 72ms (cache miss)
337 silly packumentCache full:https://registry.npmjs.org/ajv set size:undefined disposed:false
338 silly fetch manifest ajv-formats@^3.0.1
339 silly packumentCache full:https://registry.npmjs.org/ajv-formats cache-miss
340 http fetch GET 200 https://registry.npmjs.org/ajv-formats 41ms (cache miss)
341 silly packumentCache full:https://registry.npmjs.org/ajv-formats set size:undefined disposed:false
342 silly fetch manifest content-type@^1.0.5
343 silly packumentCache full:https://registry.npmjs.org/content-type cache-miss
344 http fetch GET 200 https://registry.npmjs.org/content-type 46ms (cache miss)
345 silly packumentCache full:https://registry.npmjs.org/content-type set size:undefined disposed:false
346 silly fetch manifest cors@^2.8.5
347 silly packumentCache full:https://registry.npmjs.org/cors cache-miss
348 http fetch GET 200 https://registry.npmjs.org/cors 39ms (cache miss)
349 silly packumentCache full:https://registry.npmjs.org/cors set size:undefined disposed:false
350 silly fetch manifest cross-spawn@^7.0.5
351 silly packumentCache full:https://registry.npmjs.org/cross-spawn cache-miss
352 http fetch GET 200 https://registry.npmjs.org/cross-spawn 45ms (cache miss)
353 silly packumentCache full:https://registry.npmjs.org/cross-spawn set size:undefined disposed:false
354 silly fetch manifest eventsource@^3.0.2
355 silly packumentCache full:https://registry.npmjs.org/eventsource cache-miss
356 http fetch GET 200 https://registry.npmjs.org/eventsource 120ms (cache miss)
357 silly packumentCache full:https://registry.npmjs.org/eventsource set size:undefined disposed:false
358 silly fetch manifest eventsource-parser@^3.0.0
359 silly packumentCache full:https://registry.npmjs.org/eventsource-parser cache-miss
360 http fetch GET 200 https://registry.npmjs.org/eventsource-parser 46ms (cache miss)
361 silly packumentCache full:https://registry.npmjs.org/eventsource-parser set size:undefined disposed:false
362 silly fetch manifest express@^5.0.1
363 silly packumentCache full:https://registry.npmjs.org/express cache-miss
364 http fetch GET 200 https://registry.npmjs.org/express 55ms (cache miss)
365 silly packumentCache full:https://registry.npmjs.org/express set size:undefined disposed:false
366 silly fetch manifest express-rate-limit@^7.5.0
367 silly packumentCache full:https://registry.npmjs.org/express-rate-limit cache-miss
368 http fetch GET 200 https://registry.npmjs.org/express-rate-limit 51ms (cache miss)
369 silly packumentCache full:https://registry.npmjs.org/express-rate-limit set size:undefined disposed:false
370 silly fetch manifest jose@^6.1.1
371 silly packumentCache full:https://registry.npmjs.org/jose cache-miss
372 http fetch GET 200 https://registry.npmjs.org/jose 59ms (cache miss)
373 silly packumentCache full:https://registry.npmjs.org/jose set size:undefined disposed:false
374 silly fetch manifest pkce-challenge@^5.0.0
375 silly packumentCache full:https://registry.npmjs.org/pkce-challenge cache-miss
376 http fetch GET 200 https://registry.npmjs.org/pkce-challenge 44ms (cache miss)
377 silly packumentCache full:https://registry.npmjs.org/pkce-challenge set size:undefined disposed:false
378 silly fetch manifest raw-body@^3.0.0
379 silly packumentCache full:https://registry.npmjs.org/raw-body cache-miss
380 http fetch GET 200 https://registry.npmjs.org/raw-body 36ms (cache miss)
381 silly packumentCache full:https://registry.npmjs.org/raw-body set size:undefined disposed:false
382 silly fetch manifest zod@^3.25 || ^4.0
383 silly packumentCache full:https://registry.npmjs.org/zod cache-miss
384 http cache https://registry.npmjs.org/zod 17ms (cache hit)
385 silly packumentCache full:https://registry.npmjs.org/zod set size:3258114 disposed:false
386 silly fetch manifest zod-to-json-schema@^3.25.0
387 silly packumentCache full:https://registry.npmjs.org/zod-to-json-schema cache-miss
388 http cache https://registry.npmjs.org/zod-to-json-schema 5ms (cache hit)
389 silly packumentCache full:https://registry.npmjs.org/zod-to-json-schema set size:297285 disposed:false
390 silly fetch manifest baseline-browser-mapping@^2.9.0
391 silly packumentCache full:https://registry.npmjs.org/baseline-browser-mapping cache-miss
392 http fetch GET 200 https://registry.npmjs.org/baseline-browser-mapping 38ms (cache miss)
393 silly packumentCache full:https://registry.npmjs.org/baseline-browser-mapping set size:undefined disposed:false
394 silly fetch manifest caniuse-lite@^1.0.30001759
395 silly packumentCache full:https://registry.npmjs.org/caniuse-lite cache-miss
396 http fetch GET 200 https://registry.npmjs.org/caniuse-lite 83ms (cache miss)
397 silly packumentCache full:https://registry.npmjs.org/caniuse-lite set size:undefined disposed:false
398 silly fetch manifest electron-to-chromium@^1.5.263
399 silly packumentCache full:https://registry.npmjs.org/electron-to-chromium cache-miss
400 http fetch GET 200 https://registry.npmjs.org/electron-to-chromium 137ms (cache miss)
401 silly packumentCache full:https://registry.npmjs.org/electron-to-chromium set size:undefined disposed:false
402 silly fetch manifest node-releases@^2.0.27
403 silly packumentCache full:https://registry.npmjs.org/node-releases cache-miss
404 http fetch GET 200 https://registry.npmjs.org/node-releases 57ms (cache miss)
405 silly packumentCache full:https://registry.npmjs.org/node-releases set size:undefined disposed:false
406 silly fetch manifest update-browserslist-db@^1.2.0
407 silly packumentCache full:https://registry.npmjs.org/update-browserslist-db cache-miss
408 http fetch GET 200 https://registry.npmjs.org/update-browserslist-db 33ms (cache miss)
409 silly packumentCache full:https://registry.npmjs.org/update-browserslist-db set size:undefined disposed:false
410 silly fetch manifest env-paths@^2.2.1
411 silly packumentCache full:https://registry.npmjs.org/env-paths cache-miss
412 http fetch GET 200 https://registry.npmjs.org/env-paths 37ms (cache miss)
413 silly packumentCache full:https://registry.npmjs.org/env-paths set size:undefined disposed:false
414 silly fetch manifest import-fresh@^3.3.0
415 silly packumentCache full:https://registry.npmjs.org/import-fresh cache-miss
416 http fetch GET 200 https://registry.npmjs.org/import-fresh 37ms (cache miss)
417 silly packumentCache full:https://registry.npmjs.org/import-fresh set size:undefined disposed:false
418 silly fetch manifest js-yaml@^4.1.0
419 silly packumentCache full:https://registry.npmjs.org/js-yaml cache-miss
420 http fetch GET 200 https://registry.npmjs.org/js-yaml 32ms (cache miss)
421 silly packumentCache full:https://registry.npmjs.org/js-yaml set size:undefined disposed:false
422 silly fetch manifest parse-json@^5.2.0
423 silly packumentCache full:https://registry.npmjs.org/parse-json cache-miss
424 http fetch GET 200 https://registry.npmjs.org/parse-json 43ms (cache miss)
425 silly packumentCache full:https://registry.npmjs.org/parse-json set size:undefined disposed:false
426 silly fetch manifest @sindresorhus/merge-streams@^4.0.0
427 silly packumentCache full:https://registry.npmjs.org/@sindresorhus%2fmerge-streams cache-miss
428 http fetch GET 200 https://registry.npmjs.org/@sindresorhus%2fmerge-streams 48ms (cache miss)
429 silly packumentCache full:https://registry.npmjs.org/@sindresorhus%2fmerge-streams set size:undefined disposed:false
430 silly fetch manifest cross-spawn@^7.0.6
431 silly packumentCache full:https://registry.npmjs.org/cross-spawn cache-miss
432 http cache https://registry.npmjs.org/cross-spawn 5ms (cache hit)
433 silly packumentCache full:https://registry.npmjs.org/cross-spawn set size:109066 disposed:false
434 silly fetch manifest figures@^6.1.0
435 silly packumentCache full:https://registry.npmjs.org/figures cache-miss
436 http fetch GET 200 https://registry.npmjs.org/figures 35ms (cache miss)
437 silly packumentCache full:https://registry.npmjs.org/figures set size:undefined disposed:false
438 silly fetch manifest get-stream@^9.0.0
439 silly packumentCache full:https://registry.npmjs.org/get-stream cache-miss
440 http fetch GET 200 https://registry.npmjs.org/get-stream 34ms (cache miss)
441 silly packumentCache full:https://registry.npmjs.org/get-stream set size:undefined disposed:false
442 silly fetch manifest human-signals@^8.0.1
443 silly packumentCache full:https://registry.npmjs.org/human-signals cache-miss
444 http fetch GET 200 https://registry.npmjs.org/human-signals 45ms (cache miss)
445 silly packumentCache full:https://registry.npmjs.org/human-signals set size:undefined disposed:false
446 silly fetch manifest is-plain-obj@^4.1.0
447 silly packumentCache full:https://registry.npmjs.org/is-plain-obj cache-miss
448 http fetch GET 200 https://registry.npmjs.org/is-plain-obj 30ms (cache miss)
449 silly packumentCache full:https://registry.npmjs.org/is-plain-obj set size:undefined disposed:false
450 silly fetch manifest is-stream@^4.0.1
451 silly packumentCache full:https://registry.npmjs.org/is-stream cache-miss
452 http fetch GET 200 https://registry.npmjs.org/is-stream 36ms (cache miss)
453 silly packumentCache full:https://registry.npmjs.org/is-stream set size:undefined disposed:false
454 silly fetch manifest npm-run-path@^6.0.0
455 silly packumentCache full:https://registry.npmjs.org/npm-run-path cache-miss
456 http fetch GET 200 https://registry.npmjs.org/npm-run-path 33ms (cache miss)
457 silly packumentCache full:https://registry.npmjs.org/npm-run-path set size:undefined disposed:false
458 silly fetch manifest pretty-ms@^9.2.0
459 silly packumentCache full:https://registry.npmjs.org/pretty-ms cache-miss
460 http fetch GET 200 https://registry.npmjs.org/pretty-ms 37ms (cache miss)
461 silly packumentCache full:https://registry.npmjs.org/pretty-ms set size:undefined disposed:false
462 silly fetch manifest signal-exit@^4.1.0
463 silly packumentCache full:https://registry.npmjs.org/signal-exit cache-miss
464 http fetch GET 200 https://registry.npmjs.org/signal-exit 37ms (cache miss)
465 silly packumentCache full:https://registry.npmjs.org/signal-exit set size:undefined disposed:false
466 silly fetch manifest strip-final-newline@^4.0.0
467 silly packumentCache full:https://registry.npmjs.org/strip-final-newline cache-miss
468 http fetch GET 200 https://registry.npmjs.org/strip-final-newline 33ms (cache miss)
469 silly packumentCache full:https://registry.npmjs.org/strip-final-newline set size:undefined disposed:false
470 silly fetch manifest yoctocolors@^2.1.1
471 silly packumentCache full:https://registry.npmjs.org/yoctocolors cache-miss
472 http fetch GET 200 https://registry.npmjs.org/yoctocolors 33ms (cache miss)
473 silly packumentCache full:https://registry.npmjs.org/yoctocolors set size:undefined disposed:false
474 silly fetch manifest @nodelib/fs.stat@^2.0.2
475 silly packumentCache full:https://registry.npmjs.org/@nodelib%2ffs.stat cache-miss
476 http fetch GET 200 https://registry.npmjs.org/@nodelib%2ffs.stat 50ms (cache miss)
477 silly packumentCache full:https://registry.npmjs.org/@nodelib%2ffs.stat set size:undefined disposed:false
478 silly fetch manifest @nodelib/fs.walk@^1.2.3
479 silly packumentCache full:https://registry.npmjs.org/@nodelib%2ffs.walk cache-miss
480 http fetch GET 200 https://registry.npmjs.org/@nodelib%2ffs.walk 45ms (cache miss)
481 silly packumentCache full:https://registry.npmjs.org/@nodelib%2ffs.walk set size:undefined disposed:false
482 silly fetch manifest glob-parent@^5.1.2
483 silly packumentCache full:https://registry.npmjs.org/glob-parent cache-miss
484 http fetch GET 200 https://registry.npmjs.org/glob-parent 47ms (cache miss)
485 silly packumentCache full:https://registry.npmjs.org/glob-parent set size:undefined disposed:false
486 silly fetch manifest merge2@^1.3.0
487 silly packumentCache full:https://registry.npmjs.org/merge2 cache-miss
488 http fetch GET 200 https://registry.npmjs.org/merge2 35ms (cache miss)
489 silly packumentCache full:https://registry.npmjs.org/merge2 set size:undefined disposed:false
490 silly fetch manifest micromatch@^4.0.8
491 silly packumentCache full:https://registry.npmjs.org/micromatch cache-miss
492 http fetch GET 200 https://registry.npmjs.org/micromatch 43ms (cache miss)
493 silly packumentCache full:https://registry.npmjs.org/micromatch set size:undefined disposed:false
494 silly fetch manifest jsonfile@^6.0.1
495 silly packumentCache full:https://registry.npmjs.org/jsonfile cache-miss
496 http fetch GET 200 https://registry.npmjs.org/jsonfile 36ms (cache miss)
497 silly packumentCache full:https://registry.npmjs.org/jsonfile set size:undefined disposed:false
498 silly fetch manifest graceful-fs@^4.2.0
499 silly packumentCache full:https://registry.npmjs.org/graceful-fs cache-miss
500 http fetch GET 200 https://registry.npmjs.org/graceful-fs 36ms (cache miss)
501 silly packumentCache full:https://registry.npmjs.org/graceful-fs set size:undefined disposed:false
502 silly fetch manifest universalify@^2.0.0
503 silly packumentCache full:https://registry.npmjs.org/universalify cache-miss
504 http fetch GET 200 https://registry.npmjs.org/universalify 43ms (cache miss)
505 silly packumentCache full:https://registry.npmjs.org/universalify set size:undefined disposed:false
506 silly fetch manifest debug@4
507 silly packumentCache full:https://registry.npmjs.org/debug cache-miss
508 http cache https://registry.npmjs.org/debug 6ms (cache hit)
509 silly packumentCache full:https://registry.npmjs.org/debug set size:195840 disposed:false
510 silly fetch manifest agent-base@^7.1.2
511 silly packumentCache full:https://registry.npmjs.org/agent-base cache-miss
512 http fetch GET 200 https://registry.npmjs.org/agent-base 36ms (cache miss)
513 silly packumentCache full:https://registry.npmjs.org/agent-base set size:undefined disposed:false
514 silly fetch manifest @inquirer/confirm@^5.0.0
515 silly packumentCache full:https://registry.npmjs.org/@inquirer%2fconfirm cache-miss
516 http fetch GET 200 https://registry.npmjs.org/@inquirer%2fconfirm 47ms (cache miss)
517 silly packumentCache full:https://registry.npmjs.org/@inquirer%2fconfirm set size:undefined disposed:false
518 silly fetch manifest @mswjs/interceptors@^0.40.0
519 silly packumentCache full:https://registry.npmjs.org/@mswjs%2finterceptors cache-miss
520 http fetch GET 200 https://registry.npmjs.org/@mswjs%2finterceptors 64ms (cache miss)
521 silly packumentCache full:https://registry.npmjs.org/@mswjs%2finterceptors set size:undefined disposed:false
522 silly fetch manifest @open-draft/deferred-promise@^2.2.0
523 silly packumentCache full:https://registry.npmjs.org/@open-draft%2fdeferred-promise cache-miss
524 http fetch GET 200 https://registry.npmjs.org/@open-draft%2fdeferred-promise 55ms (cache miss)
525 silly packumentCache full:https://registry.npmjs.org/@open-draft%2fdeferred-promise set size:undefined disposed:false
526 silly fetch manifest @types/statuses@^2.0.6
527 silly packumentCache full:https://registry.npmjs.org/@types%2fstatuses cache-miss
528 http fetch GET 200 https://registry.npmjs.org/@types%2fstatuses 179ms (cache miss)
529 silly packumentCache full:https://registry.npmjs.org/@types%2fstatuses set size:undefined disposed:false
530 silly fetch manifest cookie@^1.0.2
531 silly packumentCache full:https://registry.npmjs.org/cookie cache-miss
532 http fetch GET 200 https://registry.npmjs.org/cookie 53ms (cache miss)
533 silly packumentCache full:https://registry.npmjs.org/cookie set size:undefined disposed:false
534 silly fetch manifest graphql@^16.12.0
535 silly packumentCache full:https://registry.npmjs.org/graphql cache-miss
536 http fetch GET 200 https://registry.npmjs.org/graphql 61ms (cache miss)
537 silly packumentCache full:https://registry.npmjs.org/graphql set size:undefined disposed:false
538 silly fetch manifest headers-polyfill@^4.0.2
539 silly packumentCache full:https://registry.npmjs.org/headers-polyfill cache-miss
540 http fetch GET 200 https://registry.npmjs.org/headers-polyfill 30ms (cache miss)
541 silly packumentCache full:https://registry.npmjs.org/headers-polyfill set size:undefined disposed:false
542 silly fetch manifest is-node-process@^1.2.0
543 silly packumentCache full:https://registry.npmjs.org/is-node-process cache-miss
544 http fetch GET 200 https://registry.npmjs.org/is-node-process 33ms (cache miss)
545 silly packumentCache full:https://registry.npmjs.org/is-node-process set size:undefined disposed:false
546 silly fetch manifest outvariant@^1.4.3
547 silly packumentCache full:https://registry.npmjs.org/outvariant cache-miss
548 http fetch GET 200 https://registry.npmjs.org/outvariant 33ms (cache miss)
549 silly packumentCache full:https://registry.npmjs.org/outvariant set size:undefined disposed:false
550 silly fetch manifest path-to-regexp@^6.3.0
551 silly packumentCache full:https://registry.npmjs.org/path-to-regexp cache-miss
552 http fetch GET 200 https://registry.npmjs.org/path-to-regexp 41ms (cache miss)
553 silly packumentCache full:https://registry.npmjs.org/path-to-regexp set size:undefined disposed:false
554 silly fetch manifest picocolors@^1.1.1
555 silly packumentCache full:https://registry.npmjs.org/picocolors cache-miss
556 http fetch GET 200 https://registry.npmjs.org/picocolors 33ms (cache miss)
557 silly packumentCache full:https://registry.npmjs.org/picocolors set size:undefined disposed:false
558 silly fetch manifest rettime@^0.7.0
559 silly packumentCache full:https://registry.npmjs.org/rettime cache-miss
560 http fetch GET 200 https://registry.npmjs.org/rettime 37ms (cache miss)
561 silly packumentCache full:https://registry.npmjs.org/rettime set size:undefined disposed:false
562 silly fetch manifest statuses@^2.0.2
563 silly packumentCache full:https://registry.npmjs.org/statuses cache-miss
564 http fetch GET 200 https://registry.npmjs.org/statuses 40ms (cache miss)
565 silly packumentCache full:https://registry.npmjs.org/statuses set size:undefined disposed:false
566 silly fetch manifest strict-event-emitter@^0.5.1
567 silly packumentCache full:https://registry.npmjs.org/strict-event-emitter cache-miss
568 http fetch GET 200 https://registry.npmjs.org/strict-event-emitter 38ms (cache miss)
569 silly packumentCache full:https://registry.npmjs.org/strict-event-emitter set size:undefined disposed:false
570 silly fetch manifest tough-cookie@^6.0.0
571 silly packumentCache full:https://registry.npmjs.org/tough-cookie cache-miss
572 http fetch GET 200 https://registry.npmjs.org/tough-cookie 37ms (cache miss)
573 silly packumentCache full:https://registry.npmjs.org/tough-cookie set size:undefined disposed:false
574 silly fetch manifest type-fest@^5.2.0
575 silly packumentCache full:https://registry.npmjs.org/type-fest cache-miss
576 http fetch GET 200 https://registry.npmjs.org/type-fest 53ms (cache miss)
577 silly packumentCache full:https://registry.npmjs.org/type-fest set size:undefined disposed:false
578 silly fetch manifest until-async@^3.0.2
579 silly packumentCache full:https://registry.npmjs.org/until-async cache-miss
580 http fetch GET 200 https://registry.npmjs.org/until-async 39ms (cache miss)
581 silly packumentCache full:https://registry.npmjs.org/until-async set size:undefined disposed:false
582 silly fetch manifest yargs@^17.7.2
583 silly packumentCache full:https://registry.npmjs.org/yargs cache-miss
584 http fetch GET 200 https://registry.npmjs.org/yargs 60ms (cache miss)
585 silly packumentCache full:https://registry.npmjs.org/yargs set size:undefined disposed:false
586 silly fetch manifest data-uri-to-buffer@^4.0.0
587 silly packumentCache full:https://registry.npmjs.org/data-uri-to-buffer cache-miss
588 http fetch GET 200 https://registry.npmjs.org/data-uri-to-buffer 34ms (cache miss)
589 silly packumentCache full:https://registry.npmjs.org/data-uri-to-buffer set size:undefined disposed:false
590 silly fetch manifest fetch-blob@^3.1.4
591 silly packumentCache full:https://registry.npmjs.org/fetch-blob cache-miss
592 http fetch GET 200 https://registry.npmjs.org/fetch-blob 40ms (cache miss)
593 silly packumentCache full:https://registry.npmjs.org/fetch-blob set size:undefined disposed:false
594 silly fetch manifest formdata-polyfill@^4.0.10
595 silly packumentCache full:https://registry.npmjs.org/formdata-polyfill cache-miss
596 http fetch GET 200 https://registry.npmjs.org/formdata-polyfill 34ms (cache miss)
597 silly packumentCache full:https://registry.npmjs.org/formdata-polyfill set size:undefined disposed:false
598 silly fetch manifest chalk@^5.3.0
599 silly packumentCache full:https://registry.npmjs.org/chalk cache-miss
600 http fetch GET 200 https://registry.npmjs.org/chalk 37ms (cache miss)
601 silly packumentCache full:https://registry.npmjs.org/chalk set size:undefined disposed:false
602 silly fetch manifest cli-cursor@^5.0.0
603 silly packumentCache full:https://registry.npmjs.org/cli-cursor cache-miss
604 http fetch GET 200 https://registry.npmjs.org/cli-cursor 35ms (cache miss)
605 silly packumentCache full:https://registry.npmjs.org/cli-cursor set size:undefined disposed:false
606 silly fetch manifest strip-ansi@^7.1.0
607 silly packumentCache full:https://registry.npmjs.org/strip-ansi cache-miss
608 http fetch GET 200 https://registry.npmjs.org/strip-ansi 36ms (cache miss)
609 silly packumentCache full:https://registry.npmjs.org/strip-ansi set size:undefined disposed:false
610 silly fetch manifest log-symbols@^6.0.0
611 silly packumentCache full:https://registry.npmjs.org/log-symbols cache-miss
612 http fetch GET 200 https://registry.npmjs.org/log-symbols 41ms (cache miss)
613 silly packumentCache full:https://registry.npmjs.org/log-symbols set size:undefined disposed:false
614 silly fetch manifest cli-spinners@^2.9.2
615 silly packumentCache full:https://registry.npmjs.org/cli-spinners cache-miss
616 http fetch GET 200 https://registry.npmjs.org/cli-spinners 48ms (cache miss)
617 silly packumentCache full:https://registry.npmjs.org/cli-spinners set size:undefined disposed:false
618 silly fetch manifest string-width@^7.2.0
619 silly packumentCache full:https://registry.npmjs.org/string-width cache-miss
620 http fetch GET 200 https://registry.npmjs.org/string-width 57ms (cache miss)
621 silly packumentCache full:https://registry.npmjs.org/string-width set size:undefined disposed:false
622 silly fetch manifest is-interactive@^2.0.0
623 silly packumentCache full:https://registry.npmjs.org/is-interactive cache-miss
624 http fetch GET 200 https://registry.npmjs.org/is-interactive 40ms (cache miss)
625 silly packumentCache full:https://registry.npmjs.org/is-interactive set size:undefined disposed:false
626 silly fetch manifest stdin-discarder@^0.2.2
627 silly packumentCache full:https://registry.npmjs.org/stdin-discarder cache-miss
628 http fetch GET 200 https://registry.npmjs.org/stdin-discarder 36ms (cache miss)
629 silly packumentCache full:https://registry.npmjs.org/stdin-discarder set size:undefined disposed:false
630 silly fetch manifest is-unicode-supported@^2.0.0
631 silly packumentCache full:https://registry.npmjs.org/is-unicode-supported cache-miss
632 http fetch GET 200 https://registry.npmjs.org/is-unicode-supported 33ms (cache miss)
633 silly packumentCache full:https://registry.npmjs.org/is-unicode-supported set size:undefined disposed:false
634 silly fetch manifest nanoid@^3.3.11
635 silly packumentCache full:https://registry.npmjs.org/nanoid cache-miss
636 http fetch GET 200 https://registry.npmjs.org/nanoid 39ms (cache miss)
637 silly packumentCache full:https://registry.npmjs.org/nanoid set size:undefined disposed:false
638 silly fetch manifest source-map-js@^1.2.1
639 silly packumentCache full:https://registry.npmjs.org/source-map-js cache-miss
640 http fetch GET 200 https://registry.npmjs.org/source-map-js 37ms (cache miss)
641 silly packumentCache full:https://registry.npmjs.org/source-map-js set size:undefined disposed:false
642 silly fetch manifest kleur@^3.0.3
643 silly packumentCache full:https://registry.npmjs.org/kleur cache-miss
644 http cache https://registry.npmjs.org/kleur 7ms (cache hit)
645 silly packumentCache full:https://registry.npmjs.org/kleur set size:61853 disposed:false
646 silly fetch manifest sisteransi@^1.0.5
647 silly packumentCache full:https://registry.npmjs.org/sisteransi cache-miss
648 http fetch GET 200 https://registry.npmjs.org/sisteransi 35ms (cache miss)
649 silly packumentCache full:https://registry.npmjs.org/sisteransi set size:undefined disposed:false
650 silly fetch manifest ast-types@^0.16.1
651 silly packumentCache full:https://registry.npmjs.org/ast-types cache-miss
652 http fetch GET 200 https://registry.npmjs.org/ast-types 44ms (cache miss)
653 silly packumentCache full:https://registry.npmjs.org/ast-types set size:undefined disposed:false
654 silly fetch manifest esprima@~4.0.0
655 silly packumentCache full:https://registry.npmjs.org/esprima cache-miss
656 http fetch GET 200 https://registry.npmjs.org/esprima 59ms (cache miss)
657 silly packumentCache full:https://registry.npmjs.org/esprima set size:undefined disposed:false
658 silly fetch manifest source-map@~0.6.1
659 silly packumentCache full:https://registry.npmjs.org/source-map cache-miss
660 http fetch GET 200 https://registry.npmjs.org/source-map 49ms (cache miss)
661 silly packumentCache full:https://registry.npmjs.org/source-map set size:undefined disposed:false
662 silly fetch manifest tiny-invariant@^1.3.3
663 silly packumentCache full:https://registry.npmjs.org/tiny-invariant cache-miss
664 http fetch GET 200 https://registry.npmjs.org/tiny-invariant 33ms (cache miss)
665 silly packumentCache full:https://registry.npmjs.org/tiny-invariant set size:undefined disposed:false
666 silly fetch manifest tslib@^2.0.1
667 silly packumentCache full:https://registry.npmjs.org/tslib cache-miss
668 http fetch GET 200 https://registry.npmjs.org/tslib 45ms (cache miss)
669 silly packumentCache full:https://registry.npmjs.org/tslib set size:undefined disposed:false
670 silly fetch manifest is-obj@^3.0.0
671 silly packumentCache full:https://registry.npmjs.org/is-obj cache-miss
672 http fetch GET 200 https://registry.npmjs.org/is-obj 30ms (cache miss)
673 silly packumentCache full:https://registry.npmjs.org/is-obj set size:undefined disposed:false
674 silly fetch manifest is-regexp@^3.1.0
675 silly packumentCache full:https://registry.npmjs.org/is-regexp cache-miss
676 http fetch GET 200 https://registry.npmjs.org/is-regexp 33ms (cache miss)
677 silly packumentCache full:https://registry.npmjs.org/is-regexp set size:undefined disposed:false
678 silly fetch manifest get-own-enumerable-keys@^1.0.0
679 silly packumentCache full:https://registry.npmjs.org/get-own-enumerable-keys cache-miss
680 http fetch GET 200 https://registry.npmjs.org/get-own-enumerable-keys 32ms (cache miss)
681 silly packumentCache full:https://registry.npmjs.org/get-own-enumerable-keys set size:undefined disposed:false
682 silly fetch manifest @ts-morph/common@~0.27.0
683 silly packumentCache full:https://registry.npmjs.org/@ts-morph%2fcommon cache-miss
684 http fetch GET 200 https://registry.npmjs.org/@ts-morph%2fcommon 114ms (cache miss)
685 silly packumentCache full:https://registry.npmjs.org/@ts-morph%2fcommon set size:undefined disposed:false
686 silly fetch manifest code-block-writer@^13.0.3
687 silly packumentCache full:https://registry.npmjs.org/code-block-writer cache-miss
688 http fetch GET 200 https://registry.npmjs.org/code-block-writer 32ms (cache miss)
689 silly packumentCache full:https://registry.npmjs.org/code-block-writer set size:undefined disposed:false
690 silly fetch manifest json5@^2.2.2
691 silly packumentCache full:https://registry.npmjs.org/json5 cache-miss
692 http cache https://registry.npmjs.org/json5 4ms (cache hit)
693 silly packumentCache full:https://registry.npmjs.org/json5 set size:86136 disposed:false
694 silly fetch manifest minimist@^1.2.6
695 silly packumentCache full:https://registry.npmjs.org/minimist cache-miss
696 http fetch GET 200 https://registry.npmjs.org/minimist 38ms (cache miss)
697 silly packumentCache full:https://registry.npmjs.org/minimist set size:undefined disposed:false
698 silly fetch manifest strip-bom@^3.0.0
699 silly packumentCache full:https://registry.npmjs.org/strip-bom cache-miss
700 http fetch GET 200 https://registry.npmjs.org/strip-bom 33ms (cache miss)
701 silly packumentCache full:https://registry.npmjs.org/strip-bom set size:undefined disposed:false
702 silly placeDep ROOT ansis@4.2.0 OK for: @antfu/ni@25.0.0 want: ^4.0.0
703 silly placeDep ROOT fzf@0.5.2 OK for: @antfu/ni@25.0.0 want: ^0.5.2
704 silly placeDep ROOT package-manager-detector@1.6.0 OK for: @antfu/ni@25.0.0 want: ^1.3.0
705 silly placeDep ROOT tinyexec@1.0.2 OK for: @antfu/ni@25.0.0 want: ^1.0.1
706 silly fetch manifest @babel/core@^7.0.0
707 silly packumentCache full:https://registry.npmjs.org/@babel%2fcore cache-miss
708 http cache https://registry.npmjs.org/@babel%2fcore 8ms (cache hit)
709 silly packumentCache full:https://registry.npmjs.org/@babel%2fcore set size:738278 disposed:false
710 silly placeDep ROOT @babel/code-frame@7.27.1 OK for: @babel/core@7.28.5 want: ^7.27.1
711 silly placeDep ROOT @babel/generator@7.28.5 OK for: @babel/core@7.28.5 want: ^7.28.5
712 silly placeDep ROOT @babel/helper-compilation-targets@7.27.2 OK for: @babel/core@7.28.5 want: ^7.27.2
713 silly placeDep ROOT @babel/helper-module-transforms@7.28.3 OK for: @babel/core@7.28.5 want: ^7.28.3
714 silly placeDep ROOT @babel/helpers@7.28.4 OK for: @babel/core@7.28.5 want: ^7.28.4
715 silly placeDep ROOT @babel/template@7.27.2 OK for: @babel/core@7.28.5 want: ^7.27.2
716 silly placeDep ROOT @babel/traverse@7.28.5 OK for: @babel/core@7.28.5 want: ^7.28.5
717 silly placeDep ROOT @babel/types@7.28.5 OK for: @babel/core@7.28.5 want: ^7.28.5
718 silly placeDep ROOT @jridgewell/remapping@2.3.5 OK for: @babel/core@7.28.5 want: ^2.3.5
719 silly placeDep ROOT convert-source-map@2.0.0 OK for: @babel/core@7.28.5 want: ^2.0.0
720 silly placeDep ROOT debug@4.4.3 OK for: @babel/core@7.28.5 want: ^4.1.0
721 silly placeDep ROOT gensync@1.0.0-beta.2 OK for: @babel/core@7.28.5 want: ^1.0.0-beta.2
722 silly placeDep ROOT json5@2.2.3 OK for: @babel/core@7.28.5 want: ^2.2.3
723 silly placeDep ROOT semver@6.3.1 OK for: @babel/core@7.28.5 want: ^6.3.1
724 silly fetch manifest js-tokens@^4.0.0
725 silly packumentCache full:https://registry.npmjs.org/js-tokens cache-miss
726 http fetch GET 200 https://registry.npmjs.org/js-tokens 33ms (cache miss)
727 silly packumentCache full:https://registry.npmjs.org/js-tokens set size:undefined disposed:false
728 silly fetch manifest @babel/helper-validator-identifier@^7.27.1
729 silly packumentCache full:https://registry.npmjs.org/@babel%2fhelper-validator-identifier cache-miss
730 http fetch GET 200 https://registry.npmjs.org/@babel%2fhelper-validator-identifier 45ms (cache miss)
731 silly packumentCache full:https://registry.npmjs.org/@babel%2fhelper-validator-identifier set size:undefined disposed:false
732 silly fetch manifest @jridgewell/gen-mapping@^0.3.12
733 silly packumentCache full:https://registry.npmjs.org/@jridgewell%2fgen-mapping cache-miss
734 http fetch GET 200 https://registry.npmjs.org/@jridgewell%2fgen-mapping 47ms (cache miss)
735 silly packumentCache full:https://registry.npmjs.org/@jridgewell%2fgen-mapping set size:undefined disposed:false
736 silly fetch manifest @jridgewell/trace-mapping@^0.3.28
737 silly packumentCache full:https://registry.npmjs.org/@jridgewell%2ftrace-mapping cache-miss
738 http fetch GET 200 https://registry.npmjs.org/@jridgewell%2ftrace-mapping 47ms (cache miss)
739 silly packumentCache full:https://registry.npmjs.org/@jridgewell%2ftrace-mapping set size:undefined disposed:false
740 silly fetch manifest jsesc@^3.0.2
741 silly packumentCache full:https://registry.npmjs.org/jsesc cache-miss
742 http fetch GET 200 https://registry.npmjs.org/jsesc 47ms (cache miss)
743 silly packumentCache full:https://registry.npmjs.org/jsesc set size:undefined disposed:false
744 silly fetch manifest lru-cache@^5.1.1
745 silly packumentCache full:https://registry.npmjs.org/lru-cache cache-miss
746 http fetch GET 200 https://registry.npmjs.org/lru-cache 39ms (cache miss)
747 silly packumentCache full:https://registry.npmjs.org/lru-cache set size:undefined disposed:false
748 silly fetch manifest @babel/compat-data@^7.27.2
749 silly packumentCache full:https://registry.npmjs.org/@babel%2fcompat-data cache-miss
750 http fetch GET 200 https://registry.npmjs.org/@babel%2fcompat-data 51ms (cache miss)
751 silly packumentCache full:https://registry.npmjs.org/@babel%2fcompat-data set size:undefined disposed:false
752 silly fetch manifest @babel/traverse@^7.28.3
753 silly packumentCache full:https://registry.npmjs.org/@babel%2ftraverse cache-miss
754 http cache https://registry.npmjs.org/@babel%2ftraverse 5ms (cache hit)
755 silly packumentCache full:https://registry.npmjs.org/@babel%2ftraverse set size:535703 disposed:false
756 silly fetch manifest @babel/helper-module-imports@^7.27.1
757 silly packumentCache full:https://registry.npmjs.org/@babel%2fhelper-module-imports cache-miss
758 http fetch GET 200 https://registry.npmjs.org/@babel%2fhelper-module-imports 47ms (cache miss)
759 silly packumentCache full:https://registry.npmjs.org/@babel%2fhelper-module-imports set size:undefined disposed:false
760 silly fetch manifest @babel/types@^7.28.4
761 silly packumentCache full:https://registry.npmjs.org/@babel%2ftypes cache-miss
762 http cache https://registry.npmjs.org/@babel%2ftypes 4ms (cache hit)
763 silly packumentCache full:https://registry.npmjs.org/@babel%2ftypes set size:475698 disposed:false
764 silly fetch manifest @babel/types@^7.27.1
765 silly packumentCache full:https://registry.npmjs.org/@babel%2ftypes cache-hit
766 silly fetch manifest @babel/helper-globals@^7.28.0
767 silly packumentCache full:https://registry.npmjs.org/@babel%2fhelper-globals cache-miss
768 http fetch GET 200 https://registry.npmjs.org/@babel%2fhelper-globals 47ms (cache miss)
769 silly packumentCache full:https://registry.npmjs.org/@babel%2fhelper-globals set size:undefined disposed:false
770 silly fetch manifest debug@^4.3.1
771 silly packumentCache full:https://registry.npmjs.org/debug cache-hit
772 silly fetch manifest @babel/helper-string-parser@^7.27.1
773 silly packumentCache full:https://registry.npmjs.org/@babel%2fhelper-string-parser cache-miss
774 http fetch GET 200 https://registry.npmjs.org/@babel%2fhelper-string-parser 49ms (cache miss)
775 silly packumentCache full:https://registry.npmjs.org/@babel%2fhelper-string-parser set size:undefined disposed:false
776 silly fetch manifest @babel/helper-validator-identifier@^7.28.5
777 silly packumentCache full:https://registry.npmjs.org/@babel%2fhelper-validator-identifier cache-miss
778 http cache https://registry.npmjs.org/@babel%2fhelper-validator-identifier 4ms (cache hit)
779 silly packumentCache full:https://registry.npmjs.org/@babel%2fhelper-validator-identifier set size:108996 disposed:false
780 silly fetch manifest @jridgewell/gen-mapping@^0.3.5
781 silly packumentCache full:https://registry.npmjs.org/@jridgewell%2fgen-mapping cache-miss
782 http cache https://registry.npmjs.org/@jridgewell%2fgen-mapping 4ms (cache hit)
783 silly packumentCache full:https://registry.npmjs.org/@jridgewell%2fgen-mapping set size:80719 disposed:false
784 silly fetch manifest @jridgewell/trace-mapping@^0.3.24
785 silly packumentCache full:https://registry.npmjs.org/@jridgewell%2ftrace-mapping cache-miss
786 http cache https://registry.npmjs.org/@jridgewell%2ftrace-mapping 4ms (cache hit)
787 silly packumentCache full:https://registry.npmjs.org/@jridgewell%2ftrace-mapping set size:170909 disposed:false
788 silly fetch manifest ms@^2.1.3
789 silly packumentCache full:https://registry.npmjs.org/ms cache-miss
790 http fetch GET 200 https://registry.npmjs.org/ms 58ms (cache miss)
791 silly packumentCache full:https://registry.npmjs.org/ms set size:undefined disposed:false
792 silly placeDep ROOT @babel/helper-validator-identifier@7.28.5 OK for: @babel/code-frame@7.27.1 want: ^7.27.1
793 silly placeDep ROOT js-tokens@4.0.0 OK for: @babel/code-frame@7.27.1 want: ^4.0.0
794 silly placeDep ROOT picocolors@1.1.1 OK for: @babel/code-frame@7.27.1 want: ^1.1.1
795 silly placeDep ROOT @jridgewell/gen-mapping@0.3.13 OK for: @babel/generator@7.28.5 want: ^0.3.12
796 silly placeDep ROOT @jridgewell/trace-mapping@0.3.31 OK for: @babel/generator@7.28.5 want: ^0.3.28
797 silly placeDep ROOT jsesc@3.1.0 OK for: @babel/generator@7.28.5 want: ^3.0.2
798 silly fetch manifest @jridgewell/sourcemap-codec@^1.5.0
799 silly packumentCache full:https://registry.npmjs.org/@jridgewell%2fsourcemap-codec cache-miss
800 http fetch GET 200 https://registry.npmjs.org/@jridgewell%2fsourcemap-codec 46ms (cache miss)
801 silly packumentCache full:https://registry.npmjs.org/@jridgewell%2fsourcemap-codec set size:undefined disposed:false
802 silly fetch manifest @jridgewell/resolve-uri@^3.1.0
803 silly packumentCache full:https://registry.npmjs.org/@jridgewell%2fresolve-uri cache-miss
804 http fetch GET 200 https://registry.npmjs.org/@jridgewell%2fresolve-uri 56ms (cache miss)
805 silly packumentCache full:https://registry.npmjs.org/@jridgewell%2fresolve-uri set size:undefined disposed:false
806 silly fetch manifest @jridgewell/sourcemap-codec@^1.4.14
807 silly packumentCache full:https://registry.npmjs.org/@jridgewell%2fsourcemap-codec cache-miss
808 http cache https://registry.npmjs.org/@jridgewell%2fsourcemap-codec 4ms (cache hit)
809 silly packumentCache full:https://registry.npmjs.org/@jridgewell%2fsourcemap-codec set size:59275 disposed:false
810 silly placeDep ROOT @babel/compat-data@7.28.5 OK for: @babel/helper-compilation-targets@7.27.2 want: ^7.27.2
811 silly placeDep ROOT @babel/helper-validator-option@7.27.1 OK for: @babel/helper-compilation-targets@7.27.2 want: ^7.27.1
812 silly placeDep ROOT lru-cache@5.1.1 OK for: @babel/helper-compilation-targets@7.27.2 want: ^5.1.1
813 silly fetch manifest yallist@^3.0.2
814 silly packumentCache full:https://registry.npmjs.org/yallist cache-miss
815 http fetch GET 200 https://registry.npmjs.org/yallist 36ms (cache miss)
816 silly packumentCache full:https://registry.npmjs.org/yallist set size:undefined disposed:false
817 silly placeDep ROOT @babel/helper-module-imports@7.27.1 OK for: @babel/helper-module-transforms@7.28.3 want: ^7.27.1
818 silly fetch manifest @babel/core@^7.0.0-0
819 silly packumentCache full:https://registry.npmjs.org/@babel%2fcore cache-hit
820 silly placeDep ROOT @babel/helper-annotate-as-pure@7.27.3 OK for: @babel/plugin-transform-typescript@7.28.5 want: ^7.27.3
821 silly placeDep ROOT @babel/helper-create-class-features-plugin@7.28.5 OK for: @babel/plugin-transform-typescript@7.28.5 want: ^7.28.5
822 silly placeDep ROOT @babel/helper-plugin-utils@7.27.1 OK for: @babel/plugin-transform-typescript@7.28.5 want: ^7.27.1
823 silly placeDep ROOT @babel/helper-skip-transparent-expression-wrappers@7.27.1 OK for: @babel/plugin-transform-typescript@7.28.5 want: ^7.27.1
824 silly placeDep ROOT @babel/plugin-syntax-typescript@7.27.1 OK for: @babel/plugin-transform-typescript@7.28.5 want: ^7.27.1
825 silly fetch manifest @babel/helper-member-expression-to-functions@^7.28.5
826 silly packumentCache full:https://registry.npmjs.org/@babel%2fhelper-member-expression-to-functions cache-miss
827 http fetch GET 200 https://registry.npmjs.org/@babel%2fhelper-member-expression-to-functions 43ms (cache miss)
828 silly packumentCache full:https://registry.npmjs.org/@babel%2fhelper-member-expression-to-functions set size:undefined disposed:false
829 silly fetch manifest @babel/helper-optimise-call-expression@^7.27.1
830 silly packumentCache full:https://registry.npmjs.org/@babel%2fhelper-optimise-call-expression cache-miss
831 http fetch GET 200 https://registry.npmjs.org/@babel%2fhelper-optimise-call-expression 42ms (cache miss)
832 silly packumentCache full:https://registry.npmjs.org/@babel%2fhelper-optimise-call-expression set size:undefined disposed:false
833 silly fetch manifest @babel/helper-replace-supers@^7.27.1
834 silly packumentCache full:https://registry.npmjs.org/@babel%2fhelper-replace-supers cache-miss
835 http fetch GET 200 https://registry.npmjs.org/@babel%2fhelper-replace-supers 48ms (cache miss)
836 silly packumentCache full:https://registry.npmjs.org/@babel%2fhelper-replace-supers set size:undefined disposed:false
837 silly placeDep ROOT @babel/helper-member-expression-to-functions@7.28.5 OK for: @babel/helper-create-class-features-plugin@7.28.5 want: ^7.28.5
838 silly placeDep ROOT @babel/helper-optimise-call-expression@7.27.1 OK for: @babel/helper-create-class-features-plugin@7.28.5 want: ^7.27.1
839 silly placeDep ROOT @babel/helper-replace-supers@7.27.1 OK for: @babel/helper-create-class-features-plugin@7.28.5 want: ^7.27.1
840 silly placeDep ROOT @babel/plugin-syntax-jsx@7.27.1 OK for: @babel/preset-typescript@7.28.5 want: ^7.27.1
841 silly placeDep ROOT @babel/plugin-transform-modules-commonjs@7.27.1 OK for: @babel/preset-typescript@7.28.5 want: ^7.27.1
842 silly placeDep ROOT @babel/helper-globals@7.28.0 OK for: @babel/traverse@7.28.5 want: ^7.28.0
843 silly placeDep ROOT @babel/helper-string-parser@7.27.1 OK for: @babel/types@7.28.5 want: ^7.27.1
844 silly placeDep node_modules/@dotenvx/dotenvx commander@11.1.0 OK for: @dotenvx/dotenvx@1.51.1 want: ^11.1.0
845 silly placeDep ROOT dotenv@17.2.3 OK for: @dotenvx/dotenvx@1.51.1 want: ^17.2.1
846 silly placeDep ROOT eciesjs@0.4.16 OK for: @dotenvx/dotenvx@1.51.1 want: ^0.4.10
847 silly placeDep node_modules/@dotenvx/dotenvx execa@5.1.1 OK for: @dotenvx/dotenvx@1.51.1 want: ^5.1.1
848 silly placeDep ROOT fdir@6.5.0 OK for: @dotenvx/dotenvx@1.51.1 want: ^6.2.0
849 silly placeDep ROOT ignore@5.3.2 OK for: @dotenvx/dotenvx@1.51.1 want: ^5.3.0
850 silly placeDep ROOT object-treeify@1.1.33 OK for: @dotenvx/dotenvx@1.51.1 want: 1.1.33
851 silly placeDep ROOT picomatch@4.0.3 OK for: @dotenvx/dotenvx@1.51.1 want: ^4.0.2
852 silly placeDep ROOT which@4.0.0 OK for: @dotenvx/dotenvx@1.51.1 want: ^4.0.0
853 silly fetch manifest @ecies/ciphers@^0.2.4
854 silly packumentCache full:https://registry.npmjs.org/@ecies%2fciphers cache-miss
855 http fetch GET 200 https://registry.npmjs.org/@ecies%2fciphers 114ms (cache miss)
856 silly packumentCache full:https://registry.npmjs.org/@ecies%2fciphers set size:undefined disposed:false
857 silly fetch manifest @noble/ciphers@^1.3.0
858 silly packumentCache full:https://registry.npmjs.org/@noble%2fciphers cache-miss
859 http fetch GET 200 https://registry.npmjs.org/@noble%2fciphers 51ms (cache miss)
860 silly packumentCache full:https://registry.npmjs.org/@noble%2fciphers set size:undefined disposed:false
861 silly fetch manifest @noble/curves@^1.9.7
862 silly packumentCache full:https://registry.npmjs.org/@noble%2fcurves cache-miss
863 http fetch GET 200 https://registry.npmjs.org/@noble%2fcurves 54ms (cache miss)
864 silly packumentCache full:https://registry.npmjs.org/@noble%2fcurves set size:undefined disposed:false
865 silly fetch manifest @noble/hashes@^1.8.0
866 silly packumentCache full:https://registry.npmjs.org/@noble%2fhashes cache-miss
867 http fetch GET 200 https://registry.npmjs.org/@noble%2fhashes 64ms (cache miss)
868 silly packumentCache full:https://registry.npmjs.org/@noble%2fhashes set size:undefined disposed:false
869 silly fetch manifest onetime@^5.1.2
870 silly packumentCache full:https://registry.npmjs.org/onetime cache-miss
871 http fetch GET 200 https://registry.npmjs.org/onetime 36ms (cache miss)
872 silly packumentCache full:https://registry.npmjs.org/onetime set size:undefined disposed:false
873 silly fetch manifest is-stream@^2.0.0
874 silly packumentCache full:https://registry.npmjs.org/is-stream cache-miss
875 http cache https://registry.npmjs.org/is-stream 4ms (cache hit)
876 silly packumentCache full:https://registry.npmjs.org/is-stream set size:18582 disposed:false
877 silly fetch manifest get-stream@^6.0.0
878 silly packumentCache full:https://registry.npmjs.org/get-stream cache-miss
879 http cache https://registry.npmjs.org/get-stream 4ms (cache hit)
880 silly packumentCache full:https://registry.npmjs.org/get-stream set size:57536 disposed:false
881 silly fetch manifest cross-spawn@^7.0.3
882 silly packumentCache full:https://registry.npmjs.org/cross-spawn cache-hit
883 silly fetch manifest signal-exit@^3.0.3
884 silly packumentCache full:https://registry.npmjs.org/signal-exit cache-miss
885 http cache https://registry.npmjs.org/signal-exit 3ms (cache hit)
886 silly packumentCache full:https://registry.npmjs.org/signal-exit set size:53489 disposed:false
887 silly fetch manifest merge-stream@^2.0.0
888 silly packumentCache full:https://registry.npmjs.org/merge-stream cache-miss
889 http fetch GET 200 https://registry.npmjs.org/merge-stream 32ms (cache miss)
890 silly packumentCache full:https://registry.npmjs.org/merge-stream set size:undefined disposed:false
891 silly fetch manifest npm-run-path@^4.0.1
892 silly packumentCache full:https://registry.npmjs.org/npm-run-path cache-miss
893 http cache https://registry.npmjs.org/npm-run-path 4ms (cache hit)
894 silly packumentCache full:https://registry.npmjs.org/npm-run-path set size:33596 disposed:false
895 silly fetch manifest human-signals@^2.1.0
896 silly packumentCache full:https://registry.npmjs.org/human-signals cache-miss
897 http cache https://registry.npmjs.org/human-signals 5ms (cache hit)
898 silly packumentCache full:https://registry.npmjs.org/human-signals set size:47322 disposed:false
899 silly fetch manifest strip-final-newline@^2.0.0
900 silly packumentCache full:https://registry.npmjs.org/strip-final-newline cache-miss
901 http cache https://registry.npmjs.org/strip-final-newline 3ms (cache hit)
902 silly packumentCache full:https://registry.npmjs.org/strip-final-newline set size:9328 disposed:false
903 silly fetch manifest isexe@^3.1.1
904 silly packumentCache full:https://registry.npmjs.org/isexe cache-miss
905 http fetch GET 200 https://registry.npmjs.org/isexe 45ms (cache miss)
906 silly packumentCache full:https://registry.npmjs.org/isexe set size:undefined disposed:false
907 silly placeDep ROOT @jridgewell/sourcemap-codec@1.5.5 OK for: @jridgewell/gen-mapping@0.3.13 want: ^1.5.0
908 silly placeDep ROOT @jridgewell/resolve-uri@3.1.2 OK for: @jridgewell/trace-mapping@0.3.31 want: ^3.1.0
909 silly placeDep ROOT ajv@8.17.1 OK for: @modelcontextprotocol/sdk@1.24.3 want: ^8.17.1
910 silly placeDep ROOT ajv-formats@3.0.1 OK for: @modelcontextprotocol/sdk@1.24.3 want: ^3.0.1
911 silly placeDep ROOT content-type@1.0.5 OK for: @modelcontextprotocol/sdk@1.24.3 want: ^1.0.5
912 silly placeDep ROOT cors@2.8.5 OK for: @modelcontextprotocol/sdk@1.24.3 want: ^2.8.5
913 silly placeDep ROOT cross-spawn@7.0.6 OK for: @modelcontextprotocol/sdk@1.24.3 want: ^7.0.5
914 silly placeDep ROOT eventsource@3.0.7 OK for: @modelcontextprotocol/sdk@1.24.3 want: ^3.0.2
915 silly placeDep ROOT eventsource-parser@3.0.6 OK for: @modelcontextprotocol/sdk@1.24.3 want: ^3.0.0
916 silly placeDep ROOT express@5.2.1 OK for: @modelcontextprotocol/sdk@1.24.3 want: ^5.0.1
917 silly placeDep ROOT express-rate-limit@7.5.1 OK for: @modelcontextprotocol/sdk@1.24.3 want: ^7.5.0
918 silly placeDep ROOT jose@6.1.3 OK for: @modelcontextprotocol/sdk@1.24.3 want: ^6.1.1
919 silly placeDep ROOT pkce-challenge@5.0.1 OK for: @modelcontextprotocol/sdk@1.24.3 want: ^5.0.0
920 silly placeDep ROOT raw-body@3.0.2 OK for: @modelcontextprotocol/sdk@1.24.3 want: ^3.0.0
921 silly fetch manifest fast-uri@^3.0.1
922 silly packumentCache full:https://registry.npmjs.org/fast-uri cache-miss
923 http fetch GET 200 https://registry.npmjs.org/fast-uri 35ms (cache miss)
924 silly packumentCache full:https://registry.npmjs.org/fast-uri set size:undefined disposed:false
925 silly fetch manifest fast-deep-equal@^3.1.3
926 silly packumentCache full:https://registry.npmjs.org/fast-deep-equal cache-miss
927 http fetch GET 200 https://registry.npmjs.org/fast-deep-equal 37ms (cache miss)
928 silly packumentCache full:https://registry.npmjs.org/fast-deep-equal set size:undefined disposed:false
929 silly fetch manifest require-from-string@^2.0.2
930 silly packumentCache full:https://registry.npmjs.org/require-from-string cache-miss
931 http fetch GET 200 https://registry.npmjs.org/require-from-string 36ms (cache miss)
932 silly packumentCache full:https://registry.npmjs.org/require-from-string set size:undefined disposed:false
933 silly fetch manifest json-schema-traverse@^1.0.0
934 silly packumentCache full:https://registry.npmjs.org/json-schema-traverse cache-miss
935 http fetch GET 200 https://registry.npmjs.org/json-schema-traverse 33ms (cache miss)
936 silly packumentCache full:https://registry.npmjs.org/json-schema-traverse set size:undefined disposed:false
937 silly fetch manifest vary@^1
938 silly packumentCache full:https://registry.npmjs.org/vary cache-miss
939 http fetch GET 200 https://registry.npmjs.org/vary 38ms (cache miss)
940 silly packumentCache full:https://registry.npmjs.org/vary set size:undefined disposed:false
941 silly fetch manifest object-assign@^4
942 silly packumentCache full:https://registry.npmjs.org/object-assign cache-miss
943 http fetch GET 200 https://registry.npmjs.org/object-assign 39ms (cache miss)
944 silly packumentCache full:https://registry.npmjs.org/object-assign set size:undefined disposed:false
945 silly fetch manifest which@^2.0.1
946 silly packumentCache full:https://registry.npmjs.org/which cache-miss
947 http cache https://registry.npmjs.org/which 4ms (cache hit)
948 silly packumentCache full:https://registry.npmjs.org/which set size:65264 disposed:false
949 silly fetch manifest path-key@^3.1.0
950 silly packumentCache full:https://registry.npmjs.org/path-key cache-miss
951 http fetch GET 200 https://registry.npmjs.org/path-key 34ms (cache miss)
952 silly packumentCache full:https://registry.npmjs.org/path-key set size:undefined disposed:false
953 silly fetch manifest shebang-command@^2.0.0
954 silly packumentCache full:https://registry.npmjs.org/shebang-command cache-miss
955 http fetch GET 200 https://registry.npmjs.org/shebang-command 34ms (cache miss)
956 silly packumentCache full:https://registry.npmjs.org/shebang-command set size:undefined disposed:false
957 silly fetch manifest eventsource-parser@^3.0.1
958 silly packumentCache full:https://registry.npmjs.org/eventsource-parser cache-miss
959 http cache https://registry.npmjs.org/eventsource-parser 4ms (cache hit)
960 silly packumentCache full:https://registry.npmjs.org/eventsource-parser set size:66053 disposed:false
961 silly fetch manifest qs@^6.14.0
962 silly packumentCache full:https://registry.npmjs.org/qs cache-miss
963 http fetch GET 200 https://registry.npmjs.org/qs 37ms (cache miss)
964 silly packumentCache full:https://registry.npmjs.org/qs set size:undefined disposed:false
965 silly fetch manifest depd@^2.0.0
966 silly packumentCache full:https://registry.npmjs.org/depd cache-miss
967 http fetch GET 200 https://registry.npmjs.org/depd 32ms (cache miss)
968 silly packumentCache full:https://registry.npmjs.org/depd set size:undefined disposed:false
969 silly fetch manifest etag@^1.8.1
970 silly packumentCache full:https://registry.npmjs.org/etag cache-miss
971 http fetch GET 200 https://registry.npmjs.org/etag 39ms (cache miss)
972 silly packumentCache full:https://registry.npmjs.org/etag set size:undefined disposed:false
973 silly fetch manifest once@^1.4.0
974 silly packumentCache full:https://registry.npmjs.org/once cache-miss
975 http fetch GET 200 https://registry.npmjs.org/once 29ms (cache miss)
976 silly packumentCache full:https://registry.npmjs.org/once set size:undefined disposed:false
977 silly fetch manifest send@^1.1.0
978 silly packumentCache full:https://registry.npmjs.org/send cache-miss
979 http fetch GET 200 https://registry.npmjs.org/send 41ms (cache miss)
980 silly packumentCache full:https://registry.npmjs.org/send set size:undefined disposed:false
981 silly fetch manifest vary@^1.1.2
982 silly packumentCache full:https://registry.npmjs.org/vary cache-miss
983 http cache https://registry.npmjs.org/vary 8ms (cache hit)
984 silly packumentCache full:https://registry.npmjs.org/vary set size:16018 disposed:false
985 silly fetch manifest fresh@^2.0.0
986 silly packumentCache full:https://registry.npmjs.org/fresh cache-miss
987 http fetch GET 200 https://registry.npmjs.org/fresh 42ms (cache miss)
988 silly packumentCache full:https://registry.npmjs.org/fresh set size:undefined disposed:false
989 silly fetch manifest cookie@^0.7.1
990 silly packumentCache full:https://registry.npmjs.org/cookie cache-miss
991 http cache https://registry.npmjs.org/cookie 3ms (cache hit)
992 silly packumentCache full:https://registry.npmjs.org/cookie set size:72891 disposed:false
993 silly fetch manifest router@^2.2.0
994 silly packumentCache full:https://registry.npmjs.org/router cache-miss
995 http fetch GET 200 https://registry.npmjs.org/router 39ms (cache miss)
996 silly packumentCache full:https://registry.npmjs.org/router set size:undefined disposed:false
997 silly fetch manifest accepts@^2.0.0
998 silly packumentCache full:https://registry.npmjs.org/accepts cache-miss
999 http fetch GET 200 https://registry.npmjs.org/accepts 35ms (cache miss)
1000 silly packumentCache full:https://registry.npmjs.org/accepts set size:undefined disposed:false
1001 silly fetch manifest type-is@^2.0.1
1002 silly packumentCache full:https://registry.npmjs.org/type-is cache-miss
1003 http fetch GET 200 https://registry.npmjs.org/type-is 41ms (cache miss)
1004 silly packumentCache full:https://registry.npmjs.org/type-is set size:undefined disposed:false
1005 silly fetch manifest parseurl@^1.3.3
1006 silly packumentCache full:https://registry.npmjs.org/parseurl cache-miss
1007 http fetch GET 200 https://registry.npmjs.org/parseurl 33ms (cache miss)
1008 silly packumentCache full:https://registry.npmjs.org/parseurl set size:undefined disposed:false
1009 silly fetch manifest statuses@^2.0.1
1010 silly packumentCache full:https://registry.npmjs.org/statuses cache-miss
1011 http cache https://registry.npmjs.org/statuses 4ms (cache hit)
1012 silly packumentCache full:https://registry.npmjs.org/statuses set size:37117 disposed:false
1013 silly fetch manifest encodeurl@^2.0.0
1014 silly packumentCache full:https://registry.npmjs.org/encodeurl cache-miss
1015 http fetch GET 200 https://registry.npmjs.org/encodeurl 40ms (cache miss)
1016 silly packumentCache full:https://registry.npmjs.org/encodeurl set size:undefined disposed:false
1017 silly fetch manifest mime-types@^3.0.0
1018 silly packumentCache full:https://registry.npmjs.org/mime-types cache-miss
1019 http fetch GET 200 https://registry.npmjs.org/mime-types 46ms (cache miss)
1020 silly packumentCache full:https://registry.npmjs.org/mime-types set size:undefined disposed:false
1021 silly fetch manifest proxy-addr@^2.0.7
1022 silly packumentCache full:https://registry.npmjs.org/proxy-addr cache-miss
1023 http fetch GET 200 https://registry.npmjs.org/proxy-addr 35ms (cache miss)
1024 silly packumentCache full:https://registry.npmjs.org/proxy-addr set size:undefined disposed:false
1025 silly fetch manifest body-parser@^2.2.1
1026 silly packumentCache full:https://registry.npmjs.org/body-parser cache-miss
1027 http fetch GET 200 https://registry.npmjs.org/body-parser 45ms (cache miss)
1028 silly packumentCache full:https://registry.npmjs.org/body-parser set size:undefined disposed:false
1029 silly fetch manifest escape-html@^1.0.3
1030 silly packumentCache full:https://registry.npmjs.org/escape-html cache-miss
1031 http fetch GET 200 https://registry.npmjs.org/escape-html 32ms (cache miss)
1032 silly packumentCache full:https://registry.npmjs.org/escape-html set size:undefined disposed:false
1033 silly fetch manifest http-errors@^2.0.0
1034 silly packumentCache full:https://registry.npmjs.org/http-errors cache-miss
1035 http fetch GET 200 https://registry.npmjs.org/http-errors 34ms (cache miss)
1036 silly packumentCache full:https://registry.npmjs.org/http-errors set size:undefined disposed:false
1037 silly fetch manifest on-finished@^2.4.1
1038 silly packumentCache full:https://registry.npmjs.org/on-finished cache-miss
1039 http fetch GET 200 https://registry.npmjs.org/on-finished 36ms (cache miss)
1040 silly packumentCache full:https://registry.npmjs.org/on-finished set size:undefined disposed:false
1041 silly fetch manifest finalhandler@^2.1.0
1042 silly packumentCache full:https://registry.npmjs.org/finalhandler cache-miss
1043 http fetch GET 200 https://registry.npmjs.org/finalhandler 36ms (cache miss)
1044 silly packumentCache full:https://registry.npmjs.org/finalhandler set size:undefined disposed:false
1045 silly fetch manifest range-parser@^1.2.1
1046 silly packumentCache full:https://registry.npmjs.org/range-parser cache-miss
1047 http fetch GET 200 https://registry.npmjs.org/range-parser 33ms (cache miss)
1048 silly packumentCache full:https://registry.npmjs.org/range-parser set size:undefined disposed:false
1049 silly fetch manifest serve-static@^2.2.0
1050 silly packumentCache full:https://registry.npmjs.org/serve-static cache-miss
1051 http fetch GET 200 https://registry.npmjs.org/serve-static 44ms (cache miss)
1052 silly packumentCache full:https://registry.npmjs.org/serve-static set size:undefined disposed:false
1053 silly fetch manifest cookie-signature@^1.2.1
1054 silly packumentCache full:https://registry.npmjs.org/cookie-signature cache-miss
1055 http fetch GET 200 https://registry.npmjs.org/cookie-signature 35ms (cache miss)
1056 silly packumentCache full:https://registry.npmjs.org/cookie-signature set size:undefined disposed:false
1057 silly fetch manifest merge-descriptors@^2.0.0
1058 silly packumentCache full:https://registry.npmjs.org/merge-descriptors cache-miss
1059 http fetch GET 200 https://registry.npmjs.org/merge-descriptors 32ms (cache miss)
1060 silly packumentCache full:https://registry.npmjs.org/merge-descriptors set size:undefined disposed:false
1061 silly fetch manifest content-disposition@^1.0.0
1062 silly packumentCache full:https://registry.npmjs.org/content-disposition cache-miss
1063 http fetch GET 200 https://registry.npmjs.org/content-disposition 32ms (cache miss)
1064 silly packumentCache full:https://registry.npmjs.org/content-disposition set size:undefined disposed:false
1065 silly fetch manifest bytes@~3.1.2
1066 silly packumentCache full:https://registry.npmjs.org/bytes cache-miss
1067 http fetch GET 200 https://registry.npmjs.org/bytes 36ms (cache miss)
1068 silly packumentCache full:https://registry.npmjs.org/bytes set size:undefined disposed:false
1069 silly fetch manifest unpipe@~1.0.0
1070 silly packumentCache full:https://registry.npmjs.org/unpipe cache-miss
1071 http fetch GET 200 https://registry.npmjs.org/unpipe 35ms (cache miss)
1072 silly packumentCache full:https://registry.npmjs.org/unpipe set size:undefined disposed:false
1073 silly fetch manifest iconv-lite@~0.7.0
1074 silly packumentCache full:https://registry.npmjs.org/iconv-lite cache-miss
1075 http fetch GET 200 https://registry.npmjs.org/iconv-lite 34ms (cache miss)
1076 silly packumentCache full:https://registry.npmjs.org/iconv-lite set size:undefined disposed:false
1077 silly fetch manifest http-errors@~2.0.1
1078 silly packumentCache full:https://registry.npmjs.org/http-errors cache-miss
1079 http cache https://registry.npmjs.org/http-errors 45ms (cache hit)
1080 silly packumentCache full:https://registry.npmjs.org/http-errors set size:71987 disposed:false
1081 silly placeDep ROOT fast-deep-equal@3.1.3 OK for: ajv@8.17.1 want: ^3.1.3
1082 silly placeDep ROOT fast-uri@3.1.0 OK for: ajv@8.17.1 want: ^3.0.1
1083 silly placeDep ROOT json-schema-traverse@1.0.0 OK for: ajv@8.17.1 want: ^1.0.0
1084 silly placeDep ROOT require-from-string@2.0.2 OK for: ajv@8.17.1 want: ^2.0.2
1085 silly fetch manifest browserslist@>= 4.21.0
1086 silly packumentCache full:https://registry.npmjs.org/browserslist cache-miss
1087 http cache https://registry.npmjs.org/browserslist 26ms (cache hit)
1088 silly packumentCache full:https://registry.npmjs.org/browserslist set size:502989 disposed:false
1089 silly placeDep ROOT baseline-browser-mapping@2.9.2 OK for: browserslist@4.28.1 want: ^2.9.0
1090 silly placeDep ROOT caniuse-lite@1.0.30001759 OK for: browserslist@4.28.1 want: ^1.0.30001759
1091 silly placeDep ROOT electron-to-chromium@1.5.264 OK for: browserslist@4.28.1 want: ^1.5.263
1092 silly placeDep ROOT node-releases@2.0.27 OK for: browserslist@4.28.1 want: ^2.0.27
1093 silly placeDep ROOT update-browserslist-db@1.2.2 OK for: browserslist@4.28.1 want: ^1.2.0
1094 silly fetch manifest escalade@^3.2.0
1095 silly packumentCache full:https://registry.npmjs.org/escalade cache-miss
1096 http fetch GET 200 https://registry.npmjs.org/escalade 34ms (cache miss)
1097 silly packumentCache full:https://registry.npmjs.org/escalade set size:undefined disposed:false
1098 silly placeDep ROOT object-assign@4.1.1 OK for: cors@2.8.5 want: ^4
1099 silly placeDep ROOT vary@1.1.2 OK for: cors@2.8.5 want: ^1
1100 silly placeDep ROOT env-paths@2.2.1 OK for: cosmiconfig@9.0.0 want: ^2.2.1
1101 silly placeDep ROOT import-fresh@3.3.1 OK for: cosmiconfig@9.0.0 want: ^3.3.0
1102 silly placeDep ROOT js-yaml@4.1.1 OK for: cosmiconfig@9.0.0 want: ^4.1.0
1103 silly placeDep ROOT parse-json@5.2.0 OK for: cosmiconfig@9.0.0 want: ^5.2.0
1104 silly fetch manifest parent-module@^1.0.0
1105 silly packumentCache full:https://registry.npmjs.org/parent-module cache-miss
1106 http fetch GET 200 https://registry.npmjs.org/parent-module 44ms (cache miss)
1107 silly packumentCache full:https://registry.npmjs.org/parent-module set size:undefined disposed:false
1108 silly fetch manifest resolve-from@^4.0.0
1109 silly packumentCache full:https://registry.npmjs.org/resolve-from cache-miss
1110 http fetch GET 200 https://registry.npmjs.org/resolve-from 33ms (cache miss)
1111 silly packumentCache full:https://registry.npmjs.org/resolve-from set size:undefined disposed:false
1112 silly fetch manifest argparse@^2.0.1
1113 silly packumentCache full:https://registry.npmjs.org/argparse cache-miss
1114 http fetch GET 200 https://registry.npmjs.org/argparse 45ms (cache miss)
1115 silly packumentCache full:https://registry.npmjs.org/argparse set size:undefined disposed:false
1116 silly fetch manifest error-ex@^1.3.1
1117 silly packumentCache full:https://registry.npmjs.org/error-ex cache-miss
1118 http fetch GET 200 https://registry.npmjs.org/error-ex 130ms (cache miss)
1119 silly packumentCache full:https://registry.npmjs.org/error-ex set size:undefined disposed:false
1120 silly fetch manifest lines-and-columns@^1.1.6
1121 silly packumentCache full:https://registry.npmjs.org/lines-and-columns cache-miss
1122 http fetch GET 200 https://registry.npmjs.org/lines-and-columns 34ms (cache miss)
1123 silly packumentCache full:https://registry.npmjs.org/lines-and-columns set size:undefined disposed:false
1124 silly fetch manifest json-parse-even-better-errors@^2.3.0
1125 silly packumentCache full:https://registry.npmjs.org/json-parse-even-better-errors cache-miss
1126 http fetch GET 200 https://registry.npmjs.org/json-parse-even-better-errors 37ms (cache miss)
1127 silly packumentCache full:https://registry.npmjs.org/json-parse-even-better-errors set size:undefined disposed:false
1128 silly placeDep ROOT path-key@3.1.1 OK for: cross-spawn@7.0.6 want: ^3.1.0
1129 silly placeDep ROOT shebang-command@2.0.0 OK for: cross-spawn@7.0.6 want: ^2.0.0
1130 silly placeDep node_modules/cross-spawn which@2.0.2 OK for: cross-spawn@7.0.6 want: ^2.0.1
1131 silly fetch manifest shebang-regex@^3.0.0
1132 silly packumentCache full:https://registry.npmjs.org/shebang-regex cache-miss
1133 http fetch GET 200 https://registry.npmjs.org/shebang-regex 36ms (cache miss)
1134 silly packumentCache full:https://registry.npmjs.org/shebang-regex set size:undefined disposed:false
1135 silly fetch manifest isexe@^2.0.0
1136 silly packumentCache full:https://registry.npmjs.org/isexe cache-miss
1137 http cache https://registry.npmjs.org/isexe 4ms (cache hit)
1138 silly packumentCache full:https://registry.npmjs.org/isexe set size:19340 disposed:false
1139 silly placeDep ROOT ms@2.1.3 OK for: debug@4.4.3 want: ^2.1.3
1140 silly placeDep ROOT @ecies/ciphers@0.2.5 OK for: eciesjs@0.4.16 want: ^0.2.4
1141 silly placeDep ROOT @noble/ciphers@1.3.0 OK for: @ecies/ciphers@0.2.5 want: ^1.0.0
1142 silly placeDep ROOT @noble/curves@1.9.7 OK for: eciesjs@0.4.16 want: ^1.9.7
1143 silly placeDep ROOT @noble/hashes@1.8.0 OK for: eciesjs@0.4.16 want: ^1.8.0
1144 silly fetch manifest @noble/hashes@1.8.0
1145 silly packumentCache full:https://registry.npmjs.org/@noble%2fhashes cache-miss
1146 http cache https://registry.npmjs.org/@noble%2fhashes 4ms (cache hit)
1147 silly packumentCache full:https://registry.npmjs.org/@noble%2fhashes set size:214622 disposed:false
1148 silly placeDep ROOT @sindresorhus/merge-streams@4.0.0 OK for: execa@9.6.1 want: ^4.0.0
1149 silly placeDep ROOT figures@6.1.0 OK for: execa@9.6.1 want: ^6.1.0
1150 silly placeDep ROOT get-stream@9.0.1 OK for: execa@9.6.1 want: ^9.0.0
1151 silly placeDep ROOT human-signals@8.0.1 OK for: execa@9.6.1 want: ^8.0.1
1152 silly placeDep ROOT is-plain-obj@4.1.0 OK for: execa@9.6.1 want: ^4.1.0
1153 silly placeDep ROOT is-stream@4.0.1 OK for: execa@9.6.1 want: ^4.0.1
1154 silly placeDep ROOT npm-run-path@6.0.0 OK for: execa@9.6.1 want: ^6.0.0
1155 silly placeDep ROOT pretty-ms@9.3.0 OK for: execa@9.6.1 want: ^9.2.0
1156 silly placeDep ROOT signal-exit@4.1.0 OK for: execa@9.6.1 want: ^4.1.0
1157 silly placeDep ROOT strip-final-newline@4.0.0 OK for: execa@9.6.1 want: ^4.0.0
1158 silly placeDep ROOT yoctocolors@2.1.2 OK for: execa@9.6.1 want: ^2.1.1
1159 silly fetch manifest @sec-ant/readable-stream@^0.4.1
1160 silly packumentCache full:https://registry.npmjs.org/@sec-ant%2freadable-stream cache-miss
1161 http fetch GET 200 https://registry.npmjs.org/@sec-ant%2freadable-stream 50ms (cache miss)
1162 silly packumentCache full:https://registry.npmjs.org/@sec-ant%2freadable-stream set size:undefined disposed:false
1163 silly fetch manifest path-key@^4.0.0
1164 silly packumentCache full:https://registry.npmjs.org/path-key cache-miss
1165 http cache https://registry.npmjs.org/path-key 4ms (cache hit)
1166 silly packumentCache full:https://registry.npmjs.org/path-key set size:16975 disposed:false
1167 silly fetch manifest unicorn-magic@^0.3.0
1168 silly packumentCache full:https://registry.npmjs.org/unicorn-magic cache-miss
1169 http fetch GET 200 https://registry.npmjs.org/unicorn-magic 35ms (cache miss)
1170 silly packumentCache full:https://registry.npmjs.org/unicorn-magic set size:undefined disposed:false
1171 silly fetch manifest parse-ms@^4.0.0
1172 silly packumentCache full:https://registry.npmjs.org/parse-ms cache-miss
1173 http fetch GET 200 https://registry.npmjs.org/parse-ms 35ms (cache miss)
1174 silly packumentCache full:https://registry.npmjs.org/parse-ms set size:undefined disposed:false
1175 silly placeDep ROOT accepts@2.0.0 OK for: express@5.2.1 want: ^2.0.0
1176 silly placeDep ROOT body-parser@2.2.1 OK for: express@5.2.1 want: ^2.2.1
1177 silly placeDep ROOT content-disposition@1.0.1 OK for: express@5.2.1 want: ^1.0.0
1178 silly placeDep ROOT cookie@0.7.2 OK for: express@5.2.1 want: ^0.7.1
1179 silly placeDep ROOT cookie-signature@1.2.2 OK for: express@5.2.1 want: ^1.2.1
1180 silly placeDep ROOT depd@2.0.0 OK for: express@5.2.1 want: ^2.0.0
1181 silly placeDep ROOT encodeurl@2.0.0 OK for: express@5.2.1 want: ^2.0.0
1182 silly placeDep ROOT escape-html@1.0.3 OK for: express@5.2.1 want: ^1.0.3
1183 silly placeDep ROOT etag@1.8.1 OK for: express@5.2.1 want: ^1.8.1
1184 silly placeDep ROOT finalhandler@2.1.1 OK for: express@5.2.1 want: ^2.1.0
1185 silly placeDep ROOT fresh@2.0.0 OK for: express@5.2.1 want: ^2.0.0
1186 silly placeDep ROOT http-errors@2.0.1 OK for: express@5.2.1 want: ^2.0.0
1187 silly placeDep ROOT merge-descriptors@2.0.0 OK for: express@5.2.1 want: ^2.0.0
1188 silly placeDep ROOT mime-types@3.0.2 OK for: express@5.2.1 want: ^3.0.0
1189 silly placeDep ROOT on-finished@2.4.1 OK for: express@5.2.1 want: ^2.4.1
1190 silly placeDep ROOT once@1.4.0 OK for: express@5.2.1 want: ^1.4.0
1191 silly placeDep ROOT parseurl@1.3.3 OK for: express@5.2.1 want: ^1.3.3
1192 silly placeDep ROOT proxy-addr@2.0.7 OK for: express@5.2.1 want: ^2.0.7
1193 silly placeDep ROOT qs@6.14.0 OK for: express@5.2.1 want: ^6.14.0
1194 silly placeDep ROOT range-parser@1.2.1 OK for: express@5.2.1 want: ^1.2.1
1195 silly placeDep ROOT router@2.2.0 OK for: express@5.2.1 want: ^2.2.0
1196 silly placeDep ROOT send@1.2.0 OK for: express@5.2.1 want: ^1.1.0
1197 silly placeDep ROOT serve-static@2.2.0 OK for: express@5.2.1 want: ^2.2.0
1198 silly placeDep ROOT statuses@2.0.2 OK for: express@5.2.1 want: ^2.0.1
1199 silly placeDep ROOT type-is@2.0.1 OK for: express@5.2.1 want: ^2.0.1
1200 silly fetch manifest negotiator@^1.0.0
1201 silly packumentCache full:https://registry.npmjs.org/negotiator cache-miss
1202 http fetch GET 200 https://registry.npmjs.org/negotiator 36ms (cache miss)
1203 silly packumentCache full:https://registry.npmjs.org/negotiator set size:undefined disposed:false
1204 silly fetch manifest bytes@^3.1.2
1205 silly packumentCache full:https://registry.npmjs.org/bytes cache-miss
1206 http cache https://registry.npmjs.org/bytes 3ms (cache hit)
1207 silly packumentCache full:https://registry.npmjs.org/bytes set size:37018 disposed:false
1208 silly fetch manifest iconv-lite@^0.7.0
1209 silly packumentCache full:https://registry.npmjs.org/iconv-lite cache-miss
1210 http cache https://registry.npmjs.org/iconv-lite 4ms (cache hit)
1211 silly packumentCache full:https://registry.npmjs.org/iconv-lite set size:118890 disposed:false
1212 silly fetch manifest inherits@~2.0.4
1213 silly packumentCache full:https://registry.npmjs.org/inherits cache-miss
1214 http fetch GET 200 https://registry.npmjs.org/inherits 33ms (cache miss)
1215 silly packumentCache full:https://registry.npmjs.org/inherits set size:undefined disposed:false
1216 silly fetch manifest setprototypeof@~1.2.0
1217 silly packumentCache full:https://registry.npmjs.org/setprototypeof cache-miss
1218 http fetch GET 200 https://registry.npmjs.org/setprototypeof 34ms (cache miss)
1219 silly packumentCache full:https://registry.npmjs.org/setprototypeof set size:undefined disposed:false
1220 silly fetch manifest statuses@~2.0.2
1221 silly packumentCache full:https://registry.npmjs.org/statuses cache-hit
1222 silly fetch manifest toidentifier@~1.0.1
1223 silly packumentCache full:https://registry.npmjs.org/toidentifier cache-miss
1224 http fetch GET 200 https://registry.npmjs.org/toidentifier 35ms (cache miss)
1225 silly packumentCache full:https://registry.npmjs.org/toidentifier set size:undefined disposed:false
1226 silly fetch manifest mime-db@^1.54.0
1227 silly packumentCache full:https://registry.npmjs.org/mime-db cache-miss
1228 http fetch GET 200 https://registry.npmjs.org/mime-db 37ms (cache miss)
1229 silly packumentCache full:https://registry.npmjs.org/mime-db set size:undefined disposed:false
1230 silly fetch manifest ee-first@1.1.1
1231 silly packumentCache full:https://registry.npmjs.org/ee-first cache-miss
1232 http fetch GET 200 https://registry.npmjs.org/ee-first 36ms (cache miss)
1233 silly packumentCache full:https://registry.npmjs.org/ee-first set size:undefined disposed:false
1234 silly fetch manifest wrappy@1
1235 silly packumentCache full:https://registry.npmjs.org/wrappy cache-miss
1236 http fetch GET 200 https://registry.npmjs.org/wrappy 37ms (cache miss)
1237 silly packumentCache full:https://registry.npmjs.org/wrappy set size:undefined disposed:false
1238 silly fetch manifest forwarded@0.2.0
1239 silly packumentCache full:https://registry.npmjs.org/forwarded cache-miss
1240 http fetch GET 200 https://registry.npmjs.org/forwarded 45ms (cache miss)
1241 silly packumentCache full:https://registry.npmjs.org/forwarded set size:undefined disposed:false
1242 silly fetch manifest ipaddr.js@1.9.1
1243 silly packumentCache full:https://registry.npmjs.org/ipaddr.js cache-miss
1244 http fetch GET 200 https://registry.npmjs.org/ipaddr.js 41ms (cache miss)
1245 silly packumentCache full:https://registry.npmjs.org/ipaddr.js set size:undefined disposed:false
1246 silly fetch manifest side-channel@^1.1.0
1247 silly packumentCache full:https://registry.npmjs.org/side-channel cache-miss
1248 http fetch GET 200 https://registry.npmjs.org/side-channel 35ms (cache miss)
1249 silly packumentCache full:https://registry.npmjs.org/side-channel set size:undefined disposed:false
1250 silly fetch manifest is-promise@^4.0.0
1251 silly packumentCache full:https://registry.npmjs.org/is-promise cache-miss
1252 http fetch GET 200 https://registry.npmjs.org/is-promise 36ms (cache miss)
1253 silly packumentCache full:https://registry.npmjs.org/is-promise set size:undefined disposed:false
1254 silly fetch manifest path-to-regexp@^8.0.0
1255 silly packumentCache full:https://registry.npmjs.org/path-to-regexp cache-miss
1256 http cache https://registry.npmjs.org/path-to-regexp 5ms (cache hit)
1257 silly packumentCache full:https://registry.npmjs.org/path-to-regexp set size:207142 disposed:false
1258 silly fetch manifest media-typer@^1.1.0
1259 silly packumentCache full:https://registry.npmjs.org/media-typer cache-miss
1260 http fetch GET 200 https://registry.npmjs.org/media-typer 37ms (cache miss)
1261 silly packumentCache full:https://registry.npmjs.org/media-typer set size:undefined disposed:false
1262 silly placeDep ROOT negotiator@1.0.0 OK for: accepts@2.0.0 want: ^1.0.0
1263 silly placeDep ROOT bytes@3.1.2 OK for: body-parser@2.2.1 want: ^3.1.2
1264 silly placeDep ROOT iconv-lite@0.7.0 OK for: body-parser@2.2.1 want: ^0.7.0
1265 silly fetch manifest safer-buffer@>= 2.1.2 < 3.0.0
1266 silly packumentCache full:https://registry.npmjs.org/safer-buffer cache-miss
1267 http fetch GET 200 https://registry.npmjs.org/safer-buffer 35ms (cache miss)
1268 silly packumentCache full:https://registry.npmjs.org/safer-buffer set size:undefined disposed:false
1269 silly placeDep ROOT @nodelib/fs.stat@2.0.5 OK for: fast-glob@3.3.3 want: ^2.0.2
1270 silly placeDep ROOT @nodelib/fs.walk@1.2.8 OK for: fast-glob@3.3.3 want: ^1.2.3
1271 silly placeDep ROOT glob-parent@5.1.2 OK for: fast-glob@3.3.3 want: ^5.1.2
1272 silly placeDep ROOT merge2@1.4.1 OK for: fast-glob@3.3.3 want: ^1.3.0
1273 silly placeDep ROOT micromatch@4.0.8 OK for: fast-glob@3.3.3 want: ^4.0.8
1274 silly fetch manifest fastq@^1.6.0
1275 silly packumentCache full:https://registry.npmjs.org/fastq cache-miss
1276 http fetch GET 200 https://registry.npmjs.org/fastq 37ms (cache miss)
1277 silly packumentCache full:https://registry.npmjs.org/fastq set size:undefined disposed:false
1278 silly fetch manifest @nodelib/fs.scandir@2.1.5
1279 silly packumentCache full:https://registry.npmjs.org/@nodelib%2ffs.scandir cache-miss
1280 http fetch GET 200 https://registry.npmjs.org/@nodelib%2ffs.scandir 51ms (cache miss)
1281 silly packumentCache full:https://registry.npmjs.org/@nodelib%2ffs.scandir set size:undefined disposed:false
1282 silly fetch manifest is-glob@^4.0.1
1283 silly packumentCache full:https://registry.npmjs.org/is-glob cache-miss
1284 http fetch GET 200 https://registry.npmjs.org/is-glob 39ms (cache miss)
1285 silly packumentCache full:https://registry.npmjs.org/is-glob set size:undefined disposed:false
1286 silly fetch manifest braces@^3.0.3
1287 silly packumentCache full:https://registry.npmjs.org/braces cache-miss
1288 http fetch GET 200 https://registry.npmjs.org/braces 34ms (cache miss)
1289 silly packumentCache full:https://registry.npmjs.org/braces set size:undefined disposed:false
1290 silly fetch manifest picomatch@^2.3.1
1291 silly packumentCache full:https://registry.npmjs.org/picomatch cache-miss
1292 http cache https://registry.npmjs.org/picomatch 4ms (cache hit)
1293 silly packumentCache full:https://registry.npmjs.org/picomatch set size:118818 disposed:false
1294 silly placeDep ROOT @nodelib/fs.scandir@2.1.5 OK for: @nodelib/fs.walk@1.2.8 want: 2.1.5
1295 silly placeDep ROOT fastq@1.19.1 OK for: @nodelib/fs.walk@1.2.8 want: ^1.6.0
1296 silly fetch manifest run-parallel@^1.1.9
1297 silly packumentCache full:https://registry.npmjs.org/run-parallel cache-miss
1298 http fetch GET 200 https://registry.npmjs.org/run-parallel 38ms (cache miss)
1299 silly packumentCache full:https://registry.npmjs.org/run-parallel set size:undefined disposed:false
1300 silly fetch manifest reusify@^1.0.4
1301 silly packumentCache full:https://registry.npmjs.org/reusify cache-miss
1302 http fetch GET 200 https://registry.npmjs.org/reusify 31ms (cache miss)
1303 silly packumentCache full:https://registry.npmjs.org/reusify set size:undefined disposed:false
1304 silly placeDep ROOT run-parallel@1.2.0 OK for: @nodelib/fs.scandir@2.1.5 want: ^1.1.9
1305 silly fetch manifest queue-microtask@^1.2.2
1306 silly packumentCache full:https://registry.npmjs.org/queue-microtask cache-miss
1307 http fetch GET 200 https://registry.npmjs.org/queue-microtask 36ms (cache miss)
1308 silly packumentCache full:https://registry.npmjs.org/queue-microtask set size:undefined disposed:false
1309 silly placeDep ROOT reusify@1.1.0 OK for: fastq@1.19.1 want: ^1.0.4
1310 silly placeDep ROOT is-unicode-supported@2.1.0 OK for: figures@6.1.0 want: ^2.0.0
1311 silly placeDep ROOT graceful-fs@4.2.11 OK for: fs-extra@11.3.2 want: ^4.2.0
1312 silly placeDep ROOT jsonfile@6.2.0 OK for: fs-extra@11.3.2 want: ^6.0.1
1313 silly placeDep ROOT universalify@2.0.1 OK for: fs-extra@11.3.2 want: ^2.0.0
1314 silly placeDep ROOT @sec-ant/readable-stream@0.4.1 OK for: get-stream@9.0.1 want: ^0.4.1
1315 silly placeDep ROOT is-glob@4.0.3 OK for: glob-parent@5.1.2 want: ^4.0.1
1316 silly fetch manifest is-extglob@^2.1.1
1317 silly packumentCache full:https://registry.npmjs.org/is-extglob cache-miss
1318 http fetch GET 200 https://registry.npmjs.org/is-extglob 36ms (cache miss)
1319 silly packumentCache full:https://registry.npmjs.org/is-extglob set size:undefined disposed:false
1320 silly placeDep ROOT inherits@2.0.4 OK for: http-errors@2.0.1 want: ~2.0.4
1321 silly placeDep ROOT setprototypeof@1.2.0 OK for: http-errors@2.0.1 want: ~1.2.0
1322 silly placeDep ROOT toidentifier@1.0.1 OK for: http-errors@2.0.1 want: ~1.0.1
1323 silly placeDep ROOT agent-base@7.1.4 OK for: https-proxy-agent@7.0.6 want: ^7.1.2
1324 silly placeDep ROOT safer-buffer@2.1.2 OK for: iconv-lite@0.7.0 want: >= 2.1.2 < 3.0.0
1325 silly placeDep ROOT parent-module@1.0.1 OK for: import-fresh@3.3.1 want: ^1.0.0
1326 silly placeDep ROOT resolve-from@4.0.0 OK for: import-fresh@3.3.1 want: ^4.0.0
1327 silly fetch manifest callsites@^3.0.0
1328 silly packumentCache full:https://registry.npmjs.org/callsites cache-miss
1329 http fetch GET 200 https://registry.npmjs.org/callsites 42ms (cache miss)
1330 silly packumentCache full:https://registry.npmjs.org/callsites set size:undefined disposed:false
1331 silly placeDep ROOT is-extglob@2.1.1 OK for: is-glob@4.0.3 want: ^2.1.1
1332 silly placeDep ROOT argparse@2.0.1 OK for: js-yaml@4.1.1 want: ^2.0.1
1333 silly placeDep ROOT yallist@3.1.1 OK for: lru-cache@5.1.1 want: ^3.0.2
1334 silly placeDep ROOT braces@3.0.3 OK for: micromatch@4.0.8 want: ^3.0.3
1335 silly placeDep node_modules/micromatch picomatch@2.3.1 OK for: micromatch@4.0.8 want: ^2.3.1
1336 silly fetch manifest fill-range@^7.1.1
1337 silly packumentCache full:https://registry.npmjs.org/fill-range cache-miss
1338 http fetch GET 200 https://registry.npmjs.org/fill-range 33ms (cache miss)
1339 silly packumentCache full:https://registry.npmjs.org/fill-range set size:undefined disposed:false
1340 silly placeDep ROOT fill-range@7.1.1 OK for: braces@3.0.3 want: ^7.1.1
1341 silly fetch manifest to-regex-range@^5.0.1
1342 silly packumentCache full:https://registry.npmjs.org/to-regex-range cache-miss
1343 http fetch GET 200 https://registry.npmjs.org/to-regex-range 38ms (cache miss)
1344 silly packumentCache full:https://registry.npmjs.org/to-regex-range set size:undefined disposed:false
1345 silly placeDep ROOT to-regex-range@5.0.1 OK for: fill-range@7.1.1 want: ^5.0.1
1346 silly fetch manifest is-number@^7.0.0
1347 silly packumentCache full:https://registry.npmjs.org/is-number cache-miss
1348 http fetch GET 200 https://registry.npmjs.org/is-number 35ms (cache miss)
1349 silly packumentCache full:https://registry.npmjs.org/is-number set size:undefined disposed:false
1350 silly placeDep ROOT mime-db@1.54.0 OK for: mime-types@3.0.2 want: ^1.54.0
1351 silly fetch manifest @types/node@>=18
1352 silly packumentCache full:https://registry.npmjs.org/@types%2fnode cache-miss
1353 http fetch GET 200 https://registry.npmjs.org/@types%2fnode 263ms (cache miss)
1354 silly packumentCache full:https://registry.npmjs.org/@types%2fnode set size:undefined disposed:false
1355 silly placeDep ROOT @inquirer/confirm@5.1.21 OK for: msw@2.12.4 want: ^5.0.0
1356 silly placeDep ROOT @mswjs/interceptors@0.40.0 OK for: msw@2.12.4 want: ^0.40.0
1357 silly placeDep ROOT @open-draft/deferred-promise@2.2.0 OK for: msw@2.12.4 want: ^2.2.0
1358 silly placeDep ROOT @types/statuses@2.0.6 OK for: msw@2.12.4 want: ^2.0.6
1359 silly placeDep node_modules/msw cookie@1.1.1 OK for: msw@2.12.4 want: ^1.0.2
1360 silly placeDep ROOT graphql@16.12.0 OK for: msw@2.12.4 want: ^16.12.0
1361 silly placeDep ROOT headers-polyfill@4.0.3 OK for: msw@2.12.4 want: ^4.0.2
1362 silly placeDep ROOT is-node-process@1.2.0 OK for: msw@2.12.4 want: ^1.2.0
1363 silly placeDep ROOT outvariant@1.4.3 OK for: msw@2.12.4 want: ^1.4.3
1364 silly placeDep ROOT path-to-regexp@6.3.0 OK for: msw@2.12.4 want: ^6.3.0
1365 silly placeDep ROOT rettime@0.7.0 OK for: msw@2.12.4 want: ^0.7.0
1366 silly placeDep ROOT strict-event-emitter@0.5.1 OK for: msw@2.12.4 want: ^0.5.1
1367 silly placeDep ROOT tough-cookie@6.0.0 OK for: msw@2.12.4 want: ^6.0.0
1368 silly placeDep ROOT type-fest@5.3.0 OK for: msw@2.12.4 want: ^5.2.0
1369 silly placeDep ROOT until-async@3.0.2 OK for: msw@2.12.4 want: ^3.0.2
1370 silly placeDep ROOT yargs@17.7.2 OK for: msw@2.12.4 want: ^17.7.2
1371 silly fetch manifest @inquirer/core@^10.3.2
1372 silly packumentCache full:https://registry.npmjs.org/@inquirer%2fcore cache-miss
1373 http fetch GET 200 https://registry.npmjs.org/@inquirer%2fcore 55ms (cache miss)
1374 silly packumentCache full:https://registry.npmjs.org/@inquirer%2fcore set size:undefined disposed:false
1375 silly fetch manifest @inquirer/type@^3.0.10
1376 silly packumentCache full:https://registry.npmjs.org/@inquirer%2ftype cache-miss
1377 http fetch GET 200 https://registry.npmjs.org/@inquirer%2ftype 66ms (cache miss)
1378 silly packumentCache full:https://registry.npmjs.org/@inquirer%2ftype set size:undefined disposed:false
1379 silly fetch manifest @open-draft/logger@^0.3.0
1380 silly packumentCache full:https://registry.npmjs.org/@open-draft%2flogger cache-miss
1381 http fetch GET 200 https://registry.npmjs.org/@open-draft%2flogger 52ms (cache miss)
1382 silly packumentCache full:https://registry.npmjs.org/@open-draft%2flogger set size:undefined disposed:false
1383 silly fetch manifest @open-draft/until@^2.0.0
1384 silly packumentCache full:https://registry.npmjs.org/@open-draft%2funtil cache-miss
1385 http fetch GET 200 https://registry.npmjs.org/@open-draft%2funtil 46ms (cache miss)
1386 silly packumentCache full:https://registry.npmjs.org/@open-draft%2funtil set size:undefined disposed:false
1387 silly fetch manifest tldts@^7.0.5
1388 silly packumentCache full:https://registry.npmjs.org/tldts cache-miss
1389 http fetch GET 200 https://registry.npmjs.org/tldts 98ms (cache miss)
1390 silly packumentCache full:https://registry.npmjs.org/tldts set size:undefined disposed:false
1391 silly fetch manifest tagged-tag@^1.0.0
1392 silly packumentCache full:https://registry.npmjs.org/tagged-tag cache-miss
1393 http fetch GET 200 https://registry.npmjs.org/tagged-tag 93ms (cache miss)
1394 silly packumentCache full:https://registry.npmjs.org/tagged-tag set size:undefined disposed:false
1395 silly fetch manifest y18n@^5.0.5
1396 silly packumentCache full:https://registry.npmjs.org/y18n cache-miss
1397 http fetch GET 200 https://registry.npmjs.org/y18n 37ms (cache miss)
1398 silly packumentCache full:https://registry.npmjs.org/y18n set size:undefined disposed:false
1399 silly fetch manifest cliui@^8.0.1
1400 silly packumentCache full:https://registry.npmjs.org/cliui cache-miss
1401 http fetch GET 200 https://registry.npmjs.org/cliui 38ms (cache miss)
1402 silly packumentCache full:https://registry.npmjs.org/cliui set size:undefined disposed:false
1403 silly fetch manifest escalade@^3.1.1
1404 silly packumentCache full:https://registry.npmjs.org/escalade cache-miss
1405 http cache https://registry.npmjs.org/escalade 4ms (cache hit)
1406 silly packumentCache full:https://registry.npmjs.org/escalade set size:33724 disposed:false
1407 silly fetch manifest string-width@^4.2.3
1408 silly packumentCache full:https://registry.npmjs.org/string-width cache-miss
1409 http cache https://registry.npmjs.org/string-width 4ms (cache hit)
1410 silly packumentCache full:https://registry.npmjs.org/string-width set size:64158 disposed:false
1411 silly fetch manifest yargs-parser@^21.1.1
1412 silly packumentCache full:https://registry.npmjs.org/yargs-parser cache-miss
1413 http fetch GET 200 https://registry.npmjs.org/yargs-parser 35ms (cache miss)
1414 silly packumentCache full:https://registry.npmjs.org/yargs-parser set size:undefined disposed:false
1415 silly fetch manifest get-caller-file@^2.0.5
1416 silly packumentCache full:https://registry.npmjs.org/get-caller-file cache-miss
1417 http fetch GET 200 https://registry.npmjs.org/get-caller-file 31ms (cache miss)
1418 silly packumentCache full:https://registry.npmjs.org/get-caller-file set size:undefined disposed:false
1419 silly fetch manifest require-directory@^2.1.1
1420 silly packumentCache full:https://registry.npmjs.org/require-directory cache-miss
1421 http fetch GET 200 https://registry.npmjs.org/require-directory 33ms (cache miss)
1422 silly packumentCache full:https://registry.npmjs.org/require-directory set size:undefined disposed:false
1423 silly placeDep ROOT @inquirer/core@10.3.2 OK for: @inquirer/confirm@5.1.21 want: ^10.3.2
1424 silly placeDep ROOT @inquirer/type@3.0.10 OK for: @inquirer/confirm@5.1.21 want: ^3.0.10
1425 silly fetch manifest cli-width@^4.1.0
1426 silly packumentCache full:https://registry.npmjs.org/cli-width cache-miss
1427 http fetch GET 200 https://registry.npmjs.org/cli-width 35ms (cache miss)
1428 silly packumentCache full:https://registry.npmjs.org/cli-width set size:undefined disposed:false
1429 silly fetch manifest wrap-ansi@^6.2.0
1430 silly packumentCache full:https://registry.npmjs.org/wrap-ansi cache-miss
1431 http fetch GET 200 https://registry.npmjs.org/wrap-ansi 30ms (cache miss)
1432 silly packumentCache full:https://registry.npmjs.org/wrap-ansi set size:undefined disposed:false
1433 silly fetch manifest mute-stream@^2.0.0
1434 silly packumentCache full:https://registry.npmjs.org/mute-stream cache-miss
1435 http fetch GET 200 https://registry.npmjs.org/mute-stream 36ms (cache miss)
1436 silly packumentCache full:https://registry.npmjs.org/mute-stream set size:undefined disposed:false
1437 silly fetch manifest @inquirer/ansi@^1.0.2
1438 silly packumentCache full:https://registry.npmjs.org/@inquirer%2fansi cache-miss
1439 http fetch GET 200 https://registry.npmjs.org/@inquirer%2fansi 50ms (cache miss)
1440 silly packumentCache full:https://registry.npmjs.org/@inquirer%2fansi set size:undefined disposed:false
1441 silly fetch manifest yoctocolors-cjs@^2.1.3
1442 silly packumentCache full:https://registry.npmjs.org/yoctocolors-cjs cache-miss
1443 http fetch GET 200 https://registry.npmjs.org/yoctocolors-cjs 40ms (cache miss)
1444 silly packumentCache full:https://registry.npmjs.org/yoctocolors-cjs set size:undefined disposed:false
1445 silly fetch manifest @inquirer/figures@^1.0.15
1446 silly packumentCache full:https://registry.npmjs.org/@inquirer%2ffigures cache-miss
1447 http fetch GET 200 https://registry.npmjs.org/@inquirer%2ffigures 44ms (cache miss)
1448 silly packumentCache full:https://registry.npmjs.org/@inquirer%2ffigures set size:undefined disposed:false
1449 silly placeDep ROOT @inquirer/ansi@1.0.2 OK for: @inquirer/core@10.3.2 want: ^1.0.2
1450 silly placeDep ROOT @inquirer/figures@1.0.15 OK for: @inquirer/core@10.3.2 want: ^1.0.15
1451 silly placeDep ROOT cli-width@4.1.0 OK for: @inquirer/core@10.3.2 want: ^4.1.0
1452 silly placeDep ROOT mute-stream@2.0.0 OK for: @inquirer/core@10.3.2 want: ^2.0.0
1453 silly placeDep ROOT wrap-ansi@6.2.0 OK for: @inquirer/core@10.3.2 want: ^6.2.0
1454 silly placeDep ROOT yoctocolors-cjs@2.1.3 OK for: @inquirer/core@10.3.2 want: ^2.1.3
1455 silly fetch manifest strip-ansi@^6.0.0
1456 silly packumentCache full:https://registry.npmjs.org/strip-ansi cache-miss
1457 http cache https://registry.npmjs.org/strip-ansi 5ms (cache hit)
1458 silly packumentCache full:https://registry.npmjs.org/strip-ansi set size:41855 disposed:false
1459 silly fetch manifest ansi-styles@^4.0.0
1460 silly packumentCache full:https://registry.npmjs.org/ansi-styles cache-miss
1461 http fetch GET 200 https://registry.npmjs.org/ansi-styles 38ms (cache miss)
1462 silly packumentCache full:https://registry.npmjs.org/ansi-styles set size:undefined disposed:false
1463 silly fetch manifest string-width@^4.1.0
1464 silly packumentCache full:https://registry.npmjs.org/string-width cache-hit
1465 silly placeDep ROOT @open-draft/logger@0.3.0 OK for: @mswjs/interceptors@0.40.0 want: ^0.3.0
1466 silly placeDep ROOT @open-draft/until@2.1.0 OK for: @mswjs/interceptors@0.40.0 want: ^2.0.0
1467 silly placeDep ROOT data-uri-to-buffer@4.0.1 OK for: node-fetch@3.3.2 want: ^4.0.0
1468 silly placeDep ROOT fetch-blob@3.2.0 OK for: node-fetch@3.3.2 want: ^3.1.4
1469 silly placeDep ROOT formdata-polyfill@4.0.10 OK for: node-fetch@3.3.2 want: ^4.0.10
1470 silly fetch manifest node-domexception@^1.0.0
1471 silly packumentCache full:https://registry.npmjs.org/node-domexception cache-miss
1472 http fetch GET 200 https://registry.npmjs.org/node-domexception 40ms (cache miss)
1473 silly packumentCache full:https://registry.npmjs.org/node-domexception set size:undefined disposed:false
1474 silly fetch manifest web-streams-polyfill@^3.0.3
1475 silly packumentCache full:https://registry.npmjs.org/web-streams-polyfill cache-miss
1476 http fetch GET 200 https://registry.npmjs.org/web-streams-polyfill 45ms (cache miss)
1477 silly packumentCache full:https://registry.npmjs.org/web-streams-polyfill set size:undefined disposed:false
1478 silly placeDep ROOT node-domexception@1.0.0 OK for: fetch-blob@3.2.0 want: ^1.0.0
1479 silly placeDep ROOT web-streams-polyfill@3.3.3 OK for: fetch-blob@3.2.0 want: ^3.0.3
1480 silly placeDep node_modules/npm-run-path path-key@4.0.0 OK for: npm-run-path@6.0.0 want: ^4.0.0
1481 silly placeDep ROOT unicorn-magic@0.3.0 OK for: npm-run-path@6.0.0 want: ^0.3.0
1482 silly placeDep ROOT ee-first@1.1.1 OK for: on-finished@2.4.1 want: 1.1.1
1483 silly placeDep ROOT wrappy@1.0.2 OK for: once@1.4.0 want: 1
1484 silly placeDep ROOT chalk@5.6.2 OK for: ora@8.2.0 want: ^5.3.0
1485 silly placeDep ROOT cli-cursor@5.0.0 OK for: ora@8.2.0 want: ^5.0.0
1486 silly placeDep ROOT cli-spinners@2.9.2 OK for: ora@8.2.0 want: ^2.9.2
1487 silly placeDep ROOT is-interactive@2.0.0 OK for: ora@8.2.0 want: ^2.0.0
1488 silly placeDep ROOT log-symbols@6.0.0 OK for: ora@8.2.0 want: ^6.0.0
1489 silly placeDep ROOT stdin-discarder@0.2.2 OK for: ora@8.2.0 want: ^0.2.2
1490 silly placeDep ROOT string-width@7.2.0 OK for: ora@8.2.0 want: ^7.2.0
1491 silly placeDep ROOT strip-ansi@7.1.2 OK for: ora@8.2.0 want: ^7.1.0
1492 silly fetch manifest restore-cursor@^5.0.0
1493 silly packumentCache full:https://registry.npmjs.org/restore-cursor cache-miss
1494 http fetch GET 200 https://registry.npmjs.org/restore-cursor 55ms (cache miss)
1495 silly packumentCache full:https://registry.npmjs.org/restore-cursor set size:undefined disposed:false
1496 silly fetch manifest is-unicode-supported@^1.3.0
1497 silly packumentCache full:https://registry.npmjs.org/is-unicode-supported cache-miss
1498 http cache https://registry.npmjs.org/is-unicode-supported 4ms (cache hit)
1499 silly packumentCache full:https://registry.npmjs.org/is-unicode-supported set size:19461 disposed:false
1500 silly fetch manifest emoji-regex@^10.3.0
1501 silly packumentCache full:https://registry.npmjs.org/emoji-regex cache-miss
1502 http fetch GET 200 https://registry.npmjs.org/emoji-regex 47ms (cache miss)
1503 silly packumentCache full:https://registry.npmjs.org/emoji-regex set size:undefined disposed:false
1504 silly fetch manifest get-east-asian-width@^1.0.0
1505 silly packumentCache full:https://registry.npmjs.org/get-east-asian-width cache-miss
1506 http fetch GET 200 https://registry.npmjs.org/get-east-asian-width 38ms (cache miss)
1507 silly packumentCache full:https://registry.npmjs.org/get-east-asian-width set size:undefined disposed:false
1508 silly fetch manifest ansi-regex@^6.0.1
1509 silly packumentCache full:https://registry.npmjs.org/ansi-regex cache-miss
1510 http fetch GET 200 https://registry.npmjs.org/ansi-regex 33ms (cache miss)
1511 silly packumentCache full:https://registry.npmjs.org/ansi-regex set size:undefined disposed:false
1512 silly placeDep ROOT restore-cursor@5.1.0 OK for: cli-cursor@5.0.0 want: ^5.0.0
1513 silly fetch manifest onetime@^7.0.0
1514 silly packumentCache full:https://registry.npmjs.org/onetime cache-miss
1515 http cache https://registry.npmjs.org/onetime 4ms (cache hit)
1516 silly packumentCache full:https://registry.npmjs.org/onetime set size:30525 disposed:false
1517 silly placeDep node_modules/log-symbols is-unicode-supported@1.3.0 OK for: log-symbols@6.0.0 want: ^1.3.0
1518 silly placeDep ROOT callsites@3.1.0 OK for: parent-module@1.0.1 want: ^3.0.0
1519 silly placeDep ROOT error-ex@1.3.4 OK for: parse-json@5.2.0 want: ^1.3.1
1520 silly placeDep ROOT json-parse-even-better-errors@2.3.1 OK for: parse-json@5.2.0 want: ^2.3.0
1521 silly placeDep ROOT lines-and-columns@1.2.4 OK for: parse-json@5.2.0 want: ^1.1.6
1522 silly fetch manifest is-arrayish@^0.2.1
1523 silly packumentCache full:https://registry.npmjs.org/is-arrayish cache-miss
1524 http fetch GET 200 https://registry.npmjs.org/is-arrayish 28ms (cache miss)
1525 silly packumentCache full:https://registry.npmjs.org/is-arrayish set size:undefined disposed:false
1526 silly placeDep ROOT is-arrayish@0.2.1 OK for: error-ex@1.3.4 want: ^0.2.1
1527 silly placeDep ROOT nanoid@3.3.11 OK for: postcss@8.5.6 want: ^3.3.11
1528 silly placeDep ROOT source-map-js@1.2.1 OK for: postcss@8.5.6 want: ^1.2.1
1529 silly placeDep ROOT parse-ms@4.0.0 OK for: pretty-ms@9.3.0 want: ^4.0.0
1530 silly placeDep node_modules/prompts kleur@3.0.3 OK for: prompts@2.4.2 want: ^3.0.3
1531 silly placeDep ROOT sisteransi@1.0.5 OK for: prompts@2.4.2 want: ^1.0.5
1532 silly placeDep ROOT forwarded@0.2.0 OK for: proxy-addr@2.0.7 want: 0.2.0
1533 silly placeDep ROOT ipaddr.js@1.9.1 OK for: proxy-addr@2.0.7 want: 1.9.1
1534 silly placeDep ROOT side-channel@1.1.0 OK for: qs@6.14.0 want: ^1.1.0
1535 silly fetch manifest es-errors@^1.3.0
1536 silly packumentCache full:https://registry.npmjs.org/es-errors cache-miss
1537 http fetch GET 200 https://registry.npmjs.org/es-errors 32ms (cache miss)
1538 silly packumentCache full:https://registry.npmjs.org/es-errors set size:undefined disposed:false
1539 silly fetch manifest object-inspect@^1.13.3
1540 silly packumentCache full:https://registry.npmjs.org/object-inspect cache-miss
1541 http fetch GET 200 https://registry.npmjs.org/object-inspect 33ms (cache miss)
1542 silly packumentCache full:https://registry.npmjs.org/object-inspect set size:undefined disposed:false
1543 silly fetch manifest side-channel-list@^1.0.0
1544 silly packumentCache full:https://registry.npmjs.org/side-channel-list cache-miss
1545 http fetch GET 200 https://registry.npmjs.org/side-channel-list 34ms (cache miss)
1546 silly packumentCache full:https://registry.npmjs.org/side-channel-list set size:undefined disposed:false
1547 silly fetch manifest side-channel-map@^1.0.1
1548 silly packumentCache full:https://registry.npmjs.org/side-channel-map cache-miss
1549 http fetch GET 200 https://registry.npmjs.org/side-channel-map 35ms (cache miss)
1550 silly packumentCache full:https://registry.npmjs.org/side-channel-map set size:undefined disposed:false
1551 silly fetch manifest side-channel-weakmap@^1.0.2
1552 silly packumentCache full:https://registry.npmjs.org/side-channel-weakmap cache-miss
1553 http fetch GET 200 https://registry.npmjs.org/side-channel-weakmap 34ms (cache miss)
1554 silly packumentCache full:https://registry.npmjs.org/side-channel-weakmap set size:undefined disposed:false
1555 silly placeDep ROOT unpipe@1.0.0 OK for: raw-body@3.0.2 want: ~1.0.0
1556 silly placeDep ROOT ast-types@0.16.1 OK for: recast@0.23.11 want: ^0.16.1
1557 silly placeDep ROOT esprima@4.0.1 OK for: recast@0.23.11 want: ~4.0.0
1558 silly placeDep ROOT source-map@0.6.1 OK for: recast@0.23.11 want: ~0.6.1
1559 silly placeDep ROOT tiny-invariant@1.3.3 OK for: recast@0.23.11 want: ^1.3.3
1560 silly placeDep ROOT tslib@2.8.1 OK for: recast@0.23.11 want: ^2.0.1
1561 silly placeDep ROOT onetime@7.0.0 OK for: restore-cursor@5.1.0 want: ^7.0.0
1562 silly fetch manifest mimic-function@^5.0.0
1563 silly packumentCache full:https://registry.npmjs.org/mimic-function cache-miss
1564 http fetch GET 200 https://registry.npmjs.org/mimic-function 49ms (cache miss)
1565 silly packumentCache full:https://registry.npmjs.org/mimic-function set size:undefined disposed:false
1566 silly placeDep ROOT mimic-function@5.0.1 OK for: onetime@7.0.0 want: ^5.0.0
1567 silly placeDep ROOT is-promise@4.0.0 OK for: router@2.2.0 want: ^4.0.0
1568 silly placeDep node_modules/router path-to-regexp@8.3.0 OK for: router@2.2.0 want: ^8.0.0
1569 silly placeDep ROOT queue-microtask@1.2.3 OK for: run-parallel@1.2.0 want: ^1.2.2
1570 silly placeDep ROOT shebang-regex@3.0.0 OK for: shebang-command@2.0.0 want: ^3.0.0
1571 silly placeDep ROOT es-errors@1.3.0 OK for: side-channel@1.1.0 want: ^1.3.0
1572 silly placeDep ROOT object-inspect@1.13.4 OK for: side-channel@1.1.0 want: ^1.13.3
1573 silly placeDep ROOT side-channel-list@1.0.0 OK for: side-channel@1.1.0 want: ^1.0.0
1574 silly placeDep ROOT side-channel-map@1.0.1 OK for: side-channel@1.1.0 want: ^1.0.1
1575 silly placeDep ROOT side-channel-weakmap@1.0.2 OK for: side-channel@1.1.0 want: ^1.0.2
1576 silly fetch manifest call-bound@^1.0.2
1577 silly packumentCache full:https://registry.npmjs.org/call-bound cache-miss
1578 http fetch GET 200 https://registry.npmjs.org/call-bound 39ms (cache miss)
1579 silly packumentCache full:https://registry.npmjs.org/call-bound set size:undefined disposed:false
1580 silly fetch manifest get-intrinsic@^1.2.5
1581 silly packumentCache full:https://registry.npmjs.org/get-intrinsic cache-miss
1582 http fetch GET 200 https://registry.npmjs.org/get-intrinsic 31ms (cache miss)
1583 silly packumentCache full:https://registry.npmjs.org/get-intrinsic set size:undefined disposed:false
1584 silly placeDep ROOT call-bound@1.0.4 OK for: side-channel-map@1.0.1 want: ^1.0.2
1585 silly placeDep ROOT get-intrinsic@1.3.0 OK for: side-channel-map@1.0.1 want: ^1.2.5
1586 silly fetch manifest call-bind-apply-helpers@^1.0.2
1587 silly packumentCache full:https://registry.npmjs.org/call-bind-apply-helpers cache-miss
1588 http fetch GET 200 https://registry.npmjs.org/call-bind-apply-helpers 34ms (cache miss)
1589 silly packumentCache full:https://registry.npmjs.org/call-bind-apply-helpers set size:undefined disposed:false
1590 silly fetch manifest get-intrinsic@^1.3.0
1591 silly packumentCache full:https://registry.npmjs.org/get-intrinsic cache-miss
1592 http cache https://registry.npmjs.org/get-intrinsic 3ms (cache hit)
1593 silly packumentCache full:https://registry.npmjs.org/get-intrinsic set size:60985 disposed:false
1594 silly fetch manifest gopd@^1.2.0
1595 silly packumentCache full:https://registry.npmjs.org/gopd cache-miss
1596 http fetch GET 200 https://registry.npmjs.org/gopd 41ms (cache miss)
1597 silly packumentCache full:https://registry.npmjs.org/gopd set size:undefined disposed:false
1598 silly fetch manifest hasown@^2.0.2
1599 silly packumentCache full:https://registry.npmjs.org/hasown cache-miss
1600 http fetch GET 200 https://registry.npmjs.org/hasown 34ms (cache miss)
1601 silly packumentCache full:https://registry.npmjs.org/hasown set size:undefined disposed:false
1602 silly fetch manifest get-proto@^1.0.1
1603 silly packumentCache full:https://registry.npmjs.org/get-proto cache-miss
1604 http fetch GET 200 https://registry.npmjs.org/get-proto 29ms (cache miss)
1605 silly packumentCache full:https://registry.npmjs.org/get-proto set size:undefined disposed:false
1606 silly fetch manifest has-symbols@^1.1.0
1607 silly packumentCache full:https://registry.npmjs.org/has-symbols cache-miss
1608 http fetch GET 200 https://registry.npmjs.org/has-symbols 38ms (cache miss)
1609 silly packumentCache full:https://registry.npmjs.org/has-symbols set size:undefined disposed:false
1610 silly fetch manifest function-bind@^1.1.2
1611 silly packumentCache full:https://registry.npmjs.org/function-bind cache-miss
1612 http fetch GET 200 https://registry.npmjs.org/function-bind 28ms (cache miss)
1613 silly packumentCache full:https://registry.npmjs.org/function-bind set size:undefined disposed:false
1614 silly fetch manifest es-object-atoms@^1.1.1
1615 silly packumentCache full:https://registry.npmjs.org/es-object-atoms cache-miss
1616 http fetch GET 200 https://registry.npmjs.org/es-object-atoms 31ms (cache miss)
1617 silly packumentCache full:https://registry.npmjs.org/es-object-atoms set size:undefined disposed:false
1618 silly fetch manifest math-intrinsics@^1.1.0
1619 silly packumentCache full:https://registry.npmjs.org/math-intrinsics cache-miss
1620 http fetch GET 200 https://registry.npmjs.org/math-intrinsics 37ms (cache miss)
1621 silly packumentCache full:https://registry.npmjs.org/math-intrinsics set size:undefined disposed:false
1622 silly fetch manifest es-define-property@^1.0.1
1623 silly packumentCache full:https://registry.npmjs.org/es-define-property cache-miss
1624 http fetch GET 200 https://registry.npmjs.org/es-define-property 39ms (cache miss)
1625 silly packumentCache full:https://registry.npmjs.org/es-define-property set size:undefined disposed:false
1626 silly placeDep ROOT call-bind-apply-helpers@1.0.2 OK for: call-bound@1.0.4 want: ^1.0.2
1627 silly placeDep ROOT function-bind@1.1.2 OK for: call-bind-apply-helpers@1.0.2 want: ^1.1.2
1628 silly placeDep ROOT es-define-property@1.0.1 OK for: get-intrinsic@1.3.0 want: ^1.0.1
1629 silly placeDep ROOT es-object-atoms@1.1.1 OK for: get-intrinsic@1.3.0 want: ^1.1.1
1630 silly placeDep ROOT get-proto@1.0.1 OK for: get-intrinsic@1.3.0 want: ^1.0.1
1631 silly placeDep ROOT gopd@1.2.0 OK for: get-intrinsic@1.3.0 want: ^1.2.0
1632 silly placeDep ROOT has-symbols@1.1.0 OK for: get-intrinsic@1.3.0 want: ^1.1.0
1633 silly placeDep ROOT hasown@2.0.2 OK for: get-intrinsic@1.3.0 want: ^2.0.2
1634 silly placeDep ROOT math-intrinsics@1.1.0 OK for: get-intrinsic@1.3.0 want: ^1.1.0
1635 silly fetch manifest dunder-proto@^1.0.1
1636 silly packumentCache full:https://registry.npmjs.org/dunder-proto cache-miss
1637 http fetch GET 200 https://registry.npmjs.org/dunder-proto 34ms (cache miss)
1638 silly packumentCache full:https://registry.npmjs.org/dunder-proto set size:undefined disposed:false
1639 silly placeDep ROOT dunder-proto@1.0.1 OK for: get-proto@1.0.1 want: ^1.0.1
1640 silly placeDep ROOT emoji-regex@10.6.0 OK for: string-width@7.2.0 want: ^10.3.0
1641 silly placeDep ROOT get-east-asian-width@1.4.0 OK for: string-width@7.2.0 want: ^1.0.0
1642 silly placeDep ROOT get-own-enumerable-keys@1.0.0 OK for: stringify-object@5.0.0 want: ^1.0.0
1643 silly placeDep ROOT is-obj@3.0.0 OK for: stringify-object@5.0.0 want: ^3.0.0
1644 silly placeDep ROOT is-regexp@3.1.0 OK for: stringify-object@5.0.0 want: ^3.1.0
1645 silly placeDep ROOT ansi-regex@6.2.2 OK for: strip-ansi@7.1.2 want: ^6.0.1
1646 silly placeDep ROOT is-number@7.0.0 OK for: to-regex-range@5.0.1 want: ^7.0.0
1647 silly placeDep ROOT tldts@7.0.19 OK for: tough-cookie@6.0.0 want: ^7.0.5
1648 silly fetch manifest tldts-core@^7.0.19
1649 silly packumentCache full:https://registry.npmjs.org/tldts-core cache-miss
1650 http fetch GET 200 https://registry.npmjs.org/tldts-core 96ms (cache miss)
1651 silly packumentCache full:https://registry.npmjs.org/tldts-core set size:undefined disposed:false
1652 silly placeDep ROOT tldts-core@7.0.19 OK for: tldts@7.0.19 want: ^7.0.19
1653 silly placeDep ROOT @ts-morph/common@0.27.0 OK for: ts-morph@26.0.0 want: ~0.27.0
1654 silly placeDep ROOT code-block-writer@13.0.3 OK for: ts-morph@26.0.0 want: ^13.0.3
1655 silly fetch manifest minimatch@^10.0.1
1656 silly packumentCache full:https://registry.npmjs.org/minimatch cache-miss
1657 http fetch GET 200 https://registry.npmjs.org/minimatch 40ms (cache miss)
1658 silly packumentCache full:https://registry.npmjs.org/minimatch set size:undefined disposed:false
1659 silly fetch manifest path-browserify@^1.0.1
1660 silly packumentCache full:https://registry.npmjs.org/path-browserify cache-miss
1661 http fetch GET 200 https://registry.npmjs.org/path-browserify 33ms (cache miss)
1662 silly packumentCache full:https://registry.npmjs.org/path-browserify set size:undefined disposed:false
1663 silly placeDep ROOT minimatch@10.1.1 OK for: @ts-morph/common@0.27.0 want: ^10.0.1
1664 silly placeDep ROOT path-browserify@1.0.1 OK for: @ts-morph/common@0.27.0 want: ^1.0.1
1665 silly fetch manifest @isaacs/brace-expansion@^5.0.0
1666 silly packumentCache full:https://registry.npmjs.org/@isaacs%2fbrace-expansion cache-miss
1667 http fetch GET 200 https://registry.npmjs.org/@isaacs%2fbrace-expansion 44ms (cache miss)
1668 silly packumentCache full:https://registry.npmjs.org/@isaacs%2fbrace-expansion set size:undefined disposed:false
1669 silly placeDep ROOT @isaacs/brace-expansion@5.0.0 OK for: minimatch@10.1.1 want: ^5.0.0
1670 silly fetch manifest @isaacs/balanced-match@^4.0.1
1671 silly packumentCache full:https://registry.npmjs.org/@isaacs%2fbalanced-match cache-miss
1672 http fetch GET 200 https://registry.npmjs.org/@isaacs%2fbalanced-match 46ms (cache miss)
1673 silly packumentCache full:https://registry.npmjs.org/@isaacs%2fbalanced-match set size:undefined disposed:false
1674 silly placeDep ROOT @isaacs/balanced-match@4.0.1 OK for: @isaacs/brace-expansion@5.0.0 want: ^4.0.1
1675 silly placeDep ROOT minimist@1.2.8 OK for: tsconfig-paths@4.2.0 want: ^1.2.6
1676 silly placeDep ROOT strip-bom@3.0.0 OK for: tsconfig-paths@4.2.0 want: ^3.0.0
1677 silly placeDep ROOT tagged-tag@1.0.0 OK for: type-fest@5.3.0 want: ^1.0.0
1678 silly placeDep ROOT media-typer@1.1.0 OK for: type-is@2.0.1 want: ^1.1.0
1679 silly placeDep ROOT escalade@3.2.0 OK for: update-browserslist-db@1.2.2 want: ^3.2.0
1680 silly placeDep ROOT isexe@3.1.1 OK for: which@4.0.0 want: ^3.1.1
1681 silly placeDep ROOT ansi-styles@4.3.0 OK for: wrap-ansi@6.2.0 want: ^4.0.0
1682 silly placeDep node_modules/wrap-ansi string-width@4.2.3 OK for: wrap-ansi@6.2.0 want: ^4.1.0
1683 silly placeDep node_modules/wrap-ansi strip-ansi@6.0.1 OK for: wrap-ansi@6.2.0 want: ^6.0.0
1684 silly fetch manifest color-convert@^2.0.1
1685 silly packumentCache full:https://registry.npmjs.org/color-convert cache-miss
1686 http fetch GET 200 https://registry.npmjs.org/color-convert 33ms (cache miss)
1687 silly packumentCache full:https://registry.npmjs.org/color-convert set size:undefined disposed:false
1688 silly fetch manifest strip-ansi@^6.0.1
1689 silly packumentCache full:https://registry.npmjs.org/strip-ansi cache-hit
1690 silly fetch manifest emoji-regex@^8.0.0
1691 silly packumentCache full:https://registry.npmjs.org/emoji-regex cache-miss
1692 http cache https://registry.npmjs.org/emoji-regex 3ms (cache hit)
1693 silly packumentCache full:https://registry.npmjs.org/emoji-regex set size:89088 disposed:false
1694 silly fetch manifest is-fullwidth-code-point@^3.0.0
1695 silly packumentCache full:https://registry.npmjs.org/is-fullwidth-code-point cache-miss
1696 http fetch GET 200 https://registry.npmjs.org/is-fullwidth-code-point 43ms (cache miss)
1697 silly packumentCache full:https://registry.npmjs.org/is-fullwidth-code-point set size:undefined disposed:false
1698 silly fetch manifest ansi-regex@^5.0.1
1699 silly packumentCache full:https://registry.npmjs.org/ansi-regex cache-miss
1700 http cache https://registry.npmjs.org/ansi-regex 4ms (cache hit)
1701 silly packumentCache full:https://registry.npmjs.org/ansi-regex set size:43572 disposed:false
1702 silly placeDep ROOT color-convert@2.0.1 OK for: ansi-styles@4.3.0 want: ^2.0.1
1703 silly fetch manifest color-name@~1.1.4
1704 silly packumentCache full:https://registry.npmjs.org/color-name cache-miss
1705 http fetch GET 200 https://registry.npmjs.org/color-name 28ms (cache miss)
1706 silly packumentCache full:https://registry.npmjs.org/color-name set size:undefined disposed:false
1707 silly placeDep ROOT color-name@1.1.4 OK for: color-convert@2.0.1 want: ~1.1.4
1708 silly placeDep ROOT cliui@8.0.1 OK for: yargs@17.7.2 want: ^8.0.1
1709 silly placeDep ROOT get-caller-file@2.0.5 OK for: yargs@17.7.2 want: ^2.0.5
1710 silly placeDep ROOT require-directory@2.1.1 OK for: yargs@17.7.2 want: ^2.1.1
1711 silly placeDep node_modules/yargs string-width@4.2.3 OK for: yargs@17.7.2 want: ^4.2.3
1712 silly placeDep ROOT y18n@5.0.8 OK for: yargs@17.7.2 want: ^5.0.5
1713 silly placeDep ROOT yargs-parser@21.1.1 OK for: yargs@17.7.2 want: ^21.1.1
1714 silly fetch manifest wrap-ansi@^7.0.0
1715 silly packumentCache full:https://registry.npmjs.org/wrap-ansi cache-miss
1716 http cache https://registry.npmjs.org/wrap-ansi 4ms (cache hit)
1717 silly packumentCache full:https://registry.npmjs.org/wrap-ansi set size:51195 disposed:false
1718 silly fetch manifest string-width@^4.2.0
1719 silly packumentCache full:https://registry.npmjs.org/string-width cache-hit
1720 silly placeDep node_modules/cliui string-width@4.2.3 OK for: cliui@8.0.1 want: ^4.2.0
1721 silly placeDep node_modules/cliui strip-ansi@6.0.1 OK for: cliui@8.0.1 want: ^6.0.1
1722 silly placeDep node_modules/cliui wrap-ansi@7.0.0 OK for: cliui@8.0.1 want: ^7.0.0
1723 silly placeDep node_modules/@dotenvx/dotenvx get-stream@6.0.1 OK for: execa@5.1.1 want: ^6.0.0
1724 silly placeDep node_modules/@dotenvx/dotenvx human-signals@2.1.0 OK for: execa@5.1.1 want: ^2.1.0
1725 silly placeDep node_modules/@dotenvx/dotenvx is-stream@2.0.1 OK for: execa@5.1.1 want: ^2.0.0
1726 silly placeDep ROOT merge-stream@2.0.0 OK for: execa@5.1.1 want: ^2.0.0
1727 silly placeDep node_modules/@dotenvx/dotenvx npm-run-path@4.0.1 OK for: execa@5.1.1 want: ^4.0.1
1728 silly placeDep node_modules/@dotenvx/dotenvx onetime@5.1.2 OK for: execa@5.1.1 want: ^5.1.2
1729 silly placeDep node_modules/@dotenvx/dotenvx signal-exit@3.0.7 OK for: execa@5.1.1 want: ^3.0.3
1730 silly placeDep node_modules/@dotenvx/dotenvx strip-final-newline@2.0.0 OK for: execa@5.1.1 want: ^2.0.0
1731 silly fetch manifest mimic-fn@^2.1.0
1732 silly packumentCache full:https://registry.npmjs.org/mimic-fn cache-miss
1733 http fetch GET 200 https://registry.npmjs.org/mimic-fn 32ms (cache miss)
1734 silly packumentCache full:https://registry.npmjs.org/mimic-fn set size:undefined disposed:false
1735 silly placeDep ROOT mimic-fn@2.1.0 OK for: onetime@5.1.2 want: ^2.1.0
1736 silly placeDep node_modules/cliui emoji-regex@8.0.0 OK for: string-width@4.2.3 want: ^8.0.0
1737 silly placeDep ROOT is-fullwidth-code-point@3.0.0 OK for: string-width@4.2.3 want: ^3.0.0
1738 silly placeDep node_modules/cliui ansi-regex@5.0.1 OK for: strip-ansi@6.0.1 want: ^5.0.1
1739 silly placeDep node_modules/cross-spawn isexe@2.0.0 OK for: which@2.0.2 want: ^2.0.0
1740 silly placeDep node_modules/wrap-ansi emoji-regex@8.0.0 OK for: string-width@4.2.3 want: ^8.0.0
1741 silly placeDep node_modules/wrap-ansi ansi-regex@5.0.1 OK for: strip-ansi@6.0.1 want: ^5.0.1
1742 silly placeDep node_modules/yargs emoji-regex@8.0.0 OK for: string-width@4.2.3 want: ^8.0.0
1743 silly placeDep node_modules/yargs strip-ansi@6.0.1 OK for: string-width@4.2.3 want: ^6.0.1
1744 silly placeDep node_modules/yargs ansi-regex@5.0.1 OK for: strip-ansi@6.0.1 want: ^5.0.1
1745 silly reify moves {}
1746 silly audit bulk request {
1746 silly audit   shadcn: [ '3.5.1' ],
1746 silly audit   '@antfu/ni': [ '25.0.0' ],
1746 silly audit   '@babel/core': [ '7.28.5' ],
1746 silly audit   '@babel/parser': [ '7.28.5' ],
1746 silly audit   '@babel/plugin-transform-typescript': [ '7.28.5' ],
1746 silly audit   '@babel/preset-typescript': [ '7.28.5' ],
1746 silly audit   '@dotenvx/dotenvx': [ '1.51.1' ],
1746 silly audit   '@modelcontextprotocol/sdk': [ '1.24.3' ],
1746 silly audit   browserslist: [ '4.28.1' ],
1746 silly audit   commander: [ '14.0.2', '11.1.0' ],
1746 silly audit   cosmiconfig: [ '9.0.0' ],
1746 silly audit   dedent: [ '1.7.0' ],
1746 silly audit   deepmerge: [ '4.3.1' ],
1746 silly audit   diff: [ '8.0.2' ],
1746 silly audit   execa: [ '9.6.1', '5.1.1' ],
1746 silly audit   'fast-glob': [ '3.3.3' ],
1746 silly audit   'fs-extra': [ '11.3.2' ],
1746 silly audit   fuzzysort: [ '3.1.0' ],
1746 silly audit   'https-proxy-agent': [ '7.0.6' ],
1746 silly audit   kleur: [ '4.1.5', '3.0.3' ],
1746 silly audit   msw: [ '2.12.4' ],
1746 silly audit   'node-fetch': [ '3.3.2' ],
1746 silly audit   ora: [ '8.2.0' ],
1746 silly audit   postcss: [ '8.5.6' ],
1746 silly audit   prompts: [ '2.4.2' ],
1746 silly audit   recast: [ '0.23.11' ],
1746 silly audit   'stringify-object': [ '5.0.0' ],
1746 silly audit   'ts-morph': [ '26.0.0' ],
1746 silly audit   'tsconfig-paths': [ '4.2.0' ],
1746 silly audit   zod: [ '3.25.76' ],
1746 silly audit   'zod-to-json-schema': [ '3.25.0' ],
1746 silly audit   ansis: [ '4.2.0' ],
1746 silly audit   fzf: [ '0.5.2' ],
1746 silly audit   'package-manager-detector': [ '1.6.0' ],
1746 silly audit   tinyexec: [ '1.0.2' ],
1746 silly audit   '@babel/code-frame': [ '7.27.1' ],
1746 silly audit   '@babel/generator': [ '7.28.5' ],
1746 silly audit   '@babel/helper-compilation-targets': [ '7.27.2' ],
1746 silly audit   '@babel/helper-module-transforms': [ '7.28.3' ],
1746 silly audit   '@babel/helpers': [ '7.28.4' ],
1746 silly audit   '@babel/template': [ '7.27.2' ],
1746 silly audit   '@babel/traverse': [ '7.28.5' ],
1746 silly audit   '@babel/types': [ '7.28.5' ],
1746 silly audit   '@jridgewell/remapping': [ '2.3.5' ],
1746 silly audit   'convert-source-map': [ '2.0.0' ],
1746 silly audit   debug: [ '4.4.3' ],
1746 silly audit   gensync: [ '1.0.0-beta.2' ],
1746 silly audit   json5: [ '2.2.3' ],
1746 silly audit   semver: [ '6.3.1' ],
1746 silly audit   '@babel/helper-validator-identifier': [ '7.28.5' ],
1746 silly audit   'js-tokens': [ '4.0.0' ],
1746 silly audit   picocolors: [ '1.1.1' ],
1746 silly audit   '@jridgewell/gen-mapping': [ '0.3.13' ],
1746 silly audit   '@jridgewell/trace-mapping': [ '0.3.31' ],
1746 silly audit   jsesc: [ '3.1.0' ],
1746 silly audit   '@babel/compat-data': [ '7.28.5' ],
1746 silly audit   '@babel/helper-validator-option': [ '7.27.1' ],
1746 silly audit   'lru-cache': [ '5.1.1' ],
1746 silly audit   '@babel/helper-module-imports': [ '7.27.1' ],
1746 silly audit   '@babel/helper-annotate-as-pure': [ '7.27.3' ],
1746 silly audit   '@babel/helper-create-class-features-plugin': [ '7.28.5' ],
1746 silly audit   '@babel/helper-plugin-utils': [ '7.27.1' ],
1746 silly audit   '@babel/helper-skip-transparent-expression-wrappers': [ '7.27.1' ],
1746 silly audit   '@babel/plugin-syntax-typescript': [ '7.27.1' ],
1746 silly audit   '@babel/helper-member-expression-to-functions': [ '7.28.5' ],
1746 silly audit   '@babel/helper-optimise-call-expression': [ '7.27.1' ],
1746 silly audit   '@babel/helper-replace-supers': [ '7.27.1' ],
1746 silly audit   '@babel/plugin-syntax-jsx': [ '7.27.1' ],
1746 silly audit   '@babel/plugin-transform-modules-commonjs': [ '7.27.1' ],
1746 silly audit   '@babel/helper-globals': [ '7.28.0' ],
1746 silly audit   '@babel/helper-string-parser': [ '7.27.1' ],
1746 silly audit   dotenv: [ '17.2.3' ],
1746 silly audit   eciesjs: [ '0.4.16' ],
1746 silly audit   fdir: [ '6.5.0' ],
1746 silly audit   ignore: [ '5.3.2' ],
1746 silly audit   'object-treeify': [ '1.1.33' ],
1746 silly audit   picomatch: [ '4.0.3', '2.3.1' ],
1746 silly audit   which: [ '4.0.0', '2.0.2' ],
1746 silly audit   '@jridgewell/sourcemap-codec': [ '1.5.5' ],
1746 silly audit   '@jridgewell/resolve-uri': [ '3.1.2' ],
1746 silly audit   ajv: [ '8.17.1' ],
1746 silly audit   'ajv-formats': [ '3.0.1' ],
1746 silly audit   'content-type': [ '1.0.5' ],
1746 silly audit   cors: [ '2.8.5' ],
1746 silly audit   'cross-spawn': [ '7.0.6' ],
1746 silly audit   eventsource: [ '3.0.7' ],
1746 silly audit   'eventsource-parser': [ '3.0.6' ],
1746 silly audit   express: [ '5.2.1' ],
1746 silly audit   'express-rate-limit': [ '7.5.1' ],
1746 silly audit   jose: [ '6.1.3' ],
1746 silly audit   'pkce-challenge': [ '5.0.1' ],
1746 silly audit   'raw-body': [ '3.0.2' ],
1746 silly audit   'fast-deep-equal': [ '3.1.3' ],
1746 silly audit   'fast-uri': [ '3.1.0' ],
1746 silly audit   'json-schema-traverse': [ '1.0.0' ],
1746 silly audit   'require-from-string': [ '2.0.2' ],
1746 silly audit   'baseline-browser-mapping': [ '2.9.2' ],
1746 silly audit   'caniuse-lite': [ '1.0.30001759' ],
1746 silly audit   'electron-to-chromium': [ '1.5.264' ],
1746 silly audit   'node-releases': [ '2.0.27' ],
1746 silly audit   'update-browserslist-db': [ '1.2.2' ],
1746 silly audit   'object-assign': [ '4.1.1' ],
1746 silly audit   vary: [ '1.1.2' ],
1746 silly audit   'env-paths': [ '2.2.1' ],
1746 silly audit   'import-fresh': [ '3.3.1' ],
1746 silly audit   'js-yaml': [ '4.1.1' ],
1746 silly audit   'parse-json': [ '5.2.0' ],
1746 silly audit   'path-key': [ '3.1.1', '4.0.0' ],
1746 silly audit   'shebang-command': [ '2.0.0' ],
1746 silly audit   ms: [ '2.1.3' ],
1746 silly audit   '@ecies/ciphers': [ '0.2.5' ],
1746 silly audit   '@noble/ciphers': [ '1.3.0' ],
1746 silly audit   '@noble/curves': [ '1.9.7' ],
1746 silly audit   '@noble/hashes': [ '1.8.0' ],
1746 silly audit   '@sindresorhus/merge-streams': [ '4.0.0' ],
1746 silly audit   figures: [ '6.1.0' ],
1746 silly audit   'get-stream': [ '9.0.1', '6.0.1' ],
1746 silly audit   'human-signals': [ '8.0.1', '2.1.0' ],
1746 silly audit   'is-plain-obj': [ '4.1.0' ],
1746 silly audit   'is-stream': [ '4.0.1', '2.0.1' ],
1746 silly audit   'npm-run-path': [ '6.0.0', '4.0.1' ],
1746 silly audit   'pretty-ms': [ '9.3.0' ],
1746 silly audit   'signal-exit': [ '4.1.0', '3.0.7' ],
1746 silly audit   'strip-final-newline': [ '4.0.0', '2.0.0' ],
1746 silly audit   yoctocolors: [ '2.1.2' ],
1746 silly audit   accepts: [ '2.0.0' ],
1746 silly audit   'body-parser': [ '2.2.1' ],
1746 silly audit   'content-disposition': [ '1.0.1' ],
1746 silly audit   cookie: [ '0.7.2', '1.1.1' ],
1746 silly audit   'cookie-signature': [ '1.2.2' ],
1746 silly audit   depd: [ '2.0.0' ],
1746 silly audit   encodeurl: [ '2.0.0' ],
1746 silly audit   'escape-html': [ '1.0.3' ],
1746 silly audit   etag: [ '1.8.1' ],
1746 silly audit   finalhandler: [ '2.1.1' ],
1746 silly audit   fresh: [ '2.0.0' ],
1746 silly audit   'http-errors': [ '2.0.1' ],
1746 silly audit   'merge-descriptors': [ '2.0.0' ],
1746 silly audit   'mime-types': [ '3.0.2' ],
1746 silly audit   'on-finished': [ '2.4.1' ],
1746 silly audit   once: [ '1.4.0' ],
1746 silly audit   parseurl: [ '1.3.3' ],
1746 silly audit   'proxy-addr': [ '2.0.7' ],
1746 silly audit   qs: [ '6.14.0' ],
1746 silly audit   'range-parser': [ '1.2.1' ],
1746 silly audit   router: [ '2.2.0' ],
1746 silly audit   send: [ '1.2.0' ],
1746 silly audit   'serve-static': [ '2.2.0' ],
1746 silly audit   statuses: [ '2.0.2' ],
1746 silly audit   'type-is': [ '2.0.1' ],
1746 silly audit   negotiator: [ '1.0.0' ],
1746 silly audit   bytes: [ '3.1.2' ],
1746 silly audit   'iconv-lite': [ '0.7.0' ],
1746 silly audit   '@nodelib/fs.stat': [ '2.0.5' ],
1746 silly audit   '@nodelib/fs.walk': [ '1.2.8' ],
1746 silly audit   'glob-parent': [ '5.1.2' ],
1746 silly audit   merge2: [ '1.4.1' ],
1746 silly audit   micromatch: [ '4.0.8' ],
1746 silly audit   '@nodelib/fs.scandir': [ '2.1.5' ],
1746 silly audit   fastq: [ '1.19.1' ],
1746 silly audit   'run-parallel': [ '1.2.0' ],
1746 silly audit   reusify: [ '1.1.0' ],
1746 silly audit   'is-unicode-supported': [ '2.1.0', '1.3.0' ],
1746 silly audit   'graceful-fs': [ '4.2.11' ],
1746 silly audit   jsonfile: [ '6.2.0' ],
1746 silly audit   universalify: [ '2.0.1' ],
1746 silly audit   '@sec-ant/readable-stream': [ '0.4.1' ],
1746 silly audit   'is-glob': [ '4.0.3' ],
1746 silly audit   inherits: [ '2.0.4' ],
1746 silly audit   setprototypeof: [ '1.2.0' ],
1746 silly audit   toidentifier: [ '1.0.1' ],
1746 silly audit   'agent-base': [ '7.1.4' ],
1746 silly audit   'safer-buffer': [ '2.1.2' ],
1746 silly audit   'parent-module': [ '1.0.1' ],
1746 silly audit   'resolve-from': [ '4.0.0' ],
1746 silly audit   'is-extglob': [ '2.1.1' ],
1746 silly audit   argparse: [ '2.0.1' ],
1746 silly audit   yallist: [ '3.1.1' ],
1746 silly audit   braces: [ '3.0.3' ],
1746 silly audit   'fill-range': [ '7.1.1' ],
1746 silly audit   'to-regex-range': [ '5.0.1' ],
1746 silly audit   'mime-db': [ '1.54.0' ],
1746 silly audit   '@inquirer/confirm': [ '5.1.21' ],
1746 silly audit   '@mswjs/interceptors': [ '0.40.0' ],
1746 silly audit   '@open-draft/deferred-promise': [ '2.2.0' ],
1746 silly audit   '@types/statuses': [ '2.0.6' ],
1746 silly audit   graphql: [ '16.12.0' ],
1746 silly audit   'headers-polyfill': [ '4.0.3' ],
1746 silly audit   'is-node-process': [ '1.2.0' ],
1746 silly audit   outvariant: [ '1.4.3' ],
1746 silly audit   'path-to-regexp': [ '6.3.0', '8.3.0' ],
1746 silly audit   rettime: [ '0.7.0' ],
1746 silly audit   'strict-event-emitter': [ '0.5.1' ],
1746 silly audit   'tough-cookie': [ '6.0.0' ],
1746 silly audit   'type-fest': [ '5.3.0' ],
1746 silly audit   'until-async': [ '3.0.2' ],
1746 silly audit   yargs: [ '17.7.2' ],
1746 silly audit   '@inquirer/core': [ '10.3.2' ],
1746 silly audit   '@inquirer/type': [ '3.0.10' ],
1746 silly audit   '@inquirer/ansi': [ '1.0.2' ],
1746 silly audit   '@inquirer/figures': [ '1.0.15' ],
1746 silly audit   'cli-width': [ '4.1.0' ],
1746 silly audit   'mute-stream': [ '2.0.0' ],
1746 silly audit   'wrap-ansi': [ '6.2.0', '7.0.0' ],
1746 silly audit   'yoctocolors-cjs': [ '2.1.3' ],
1746 silly audit   '@open-draft/logger': [ '0.3.0' ],
1746 silly audit   '@open-draft/until': [ '2.1.0' ],
1746 silly audit   'data-uri-to-buffer': [ '4.0.1' ],
1746 silly audit   'fetch-blob': [ '3.2.0' ],
1746 silly audit   'formdata-polyfill': [ '4.0.10' ],
1746 silly audit   'node-domexception': [ '1.0.0' ],
1746 silly audit   'web-streams-polyfill': [ '3.3.3' ],
1746 silly audit   'unicorn-magic': [ '0.3.0' ],
1746 silly audit   'ee-first': [ '1.1.1' ],
1746 silly audit   wrappy: [ '1.0.2' ],
1746 silly audit   chalk: [ '5.6.2' ],
1746 silly audit   'cli-cursor': [ '5.0.0' ],
1746 silly audit   'cli-spinners': [ '2.9.2' ],
1746 silly audit   'is-interactive': [ '2.0.0' ],
1746 silly audit   'log-symbols': [ '6.0.0' ],
1746 silly audit   'stdin-discarder': [ '0.2.2' ],
1746 silly audit   'string-width': [ '7.2.0', '4.2.3' ],
1746 silly audit   'strip-ansi': [ '7.1.2', '6.0.1' ],
1746 silly audit   'restore-cursor': [ '5.1.0' ],
1746 silly audit   callsites: [ '3.1.0' ],
1746 silly audit   'error-ex': [ '1.3.4' ],
1746 silly audit   'json-parse-even-better-errors': [ '2.3.1' ],
1746 silly audit   'lines-and-columns': [ '1.2.4' ],
1746 silly audit   'is-arrayish': [ '0.2.1' ],
1746 silly audit   nanoid: [ '3.3.11' ],
1746 silly audit   'source-map-js': [ '1.2.1' ],
1746 silly audit   'parse-ms': [ '4.0.0' ],
1746 silly audit   sisteransi: [ '1.0.5' ],
1746 silly audit   forwarded: [ '0.2.0' ],
1746 silly audit   'ipaddr.js': [ '1.9.1' ],
1746 silly audit   'side-channel': [ '1.1.0' ],
1746 silly audit   unpipe: [ '1.0.0' ],
1746 silly audit   'ast-types': [ '0.16.1' ],
1746 silly audit   esprima: [ '4.0.1' ],
1746 silly audit   'source-map': [ '0.6.1' ],
1746 silly audit   'tiny-invariant': [ '1.3.3' ],
1746 silly audit   tslib: [ '2.8.1' ],
1746 silly audit   onetime: [ '7.0.0', '5.1.2' ],
1746 silly audit   'mimic-function': [ '5.0.1' ],
1746 silly audit   'is-promise': [ '4.0.0' ],
1746 silly audit   'queue-microtask': [ '1.2.3' ],
1746 silly audit   'shebang-regex': [ '3.0.0' ],
1746 silly audit   'es-errors': [ '1.3.0' ],
1746 silly audit   'object-inspect': [ '1.13.4' ],
1746 silly audit   'side-channel-list': [ '1.0.0' ],
1746 silly audit   'side-channel-map': [ '1.0.1' ],
1746 silly audit   'side-channel-weakmap': [ '1.0.2' ],
1746 silly audit   'call-bound': [ '1.0.4' ],
1746 silly audit   'get-intrinsic': [ '1.3.0' ],
1746 silly audit   'call-bind-apply-helpers': [ '1.0.2' ],
1746 silly audit   'function-bind': [ '1.1.2' ],
1746 silly audit   'es-define-property': [ '1.0.1' ],
1746 silly audit   'es-object-atoms': [ '1.1.1' ],
1746 silly audit   'get-proto': [ '1.0.1' ],
1746 silly audit   gopd: [ '1.2.0' ],
1746 silly audit   'has-symbols': [ '1.1.0' ],
1746 silly audit   hasown: [ '2.0.2' ],
1746 silly audit   'math-intrinsics': [ '1.1.0' ],
1746 silly audit   'dunder-proto': [ '1.0.1' ],
1746 silly audit   'emoji-regex': [ '10.6.0', '8.0.0' ],
1746 silly audit   'get-east-asian-width': [ '1.4.0' ],
1746 silly audit   'get-own-enumerable-keys': [ '1.0.0' ],
1746 silly audit   'is-obj': [ '3.0.0' ],
1746 silly audit   'is-regexp': [ '3.1.0' ],
1746 silly audit   'ansi-regex': [ '6.2.2', '5.0.1' ],
1746 silly audit   'is-number': [ '7.0.0' ],
1746 silly audit   tldts: [ '7.0.19' ],
1746 silly audit   'tldts-core': [ '7.0.19' ],
1746 silly audit   '@ts-morph/common': [ '0.27.0' ],
1746 silly audit   'code-block-writer': [ '13.0.3' ],
1746 silly audit   minimatch: [ '10.1.1' ],
1746 silly audit   'path-browserify': [ '1.0.1' ],
1746 silly audit   '@isaacs/brace-expansion': [ '5.0.0' ],
1746 silly audit   '@isaacs/balanced-match': [ '4.0.1' ],
1746 silly audit   minimist: [ '1.2.8' ],
1746 silly audit   'strip-bom': [ '3.0.0' ],
1746 silly audit   'tagged-tag': [ '1.0.0' ],
1746 silly audit   'media-typer': [ '1.1.0' ],
1746 silly audit   escalade: [ '3.2.0' ],
1746 silly audit   isexe: [ '3.1.1', '2.0.0' ],
1746 silly audit   'ansi-styles': [ '4.3.0' ],
1746 silly audit   'color-convert': [ '2.0.1' ],
1746 silly audit   'color-name': [ '1.1.4' ],
1746 silly audit   cliui: [ '8.0.1' ],
1746 silly audit   'get-caller-file': [ '2.0.5' ],
1746 silly audit   'require-directory': [ '2.1.1' ],
1746 silly audit   y18n: [ '5.0.8' ],
1746 silly audit   'yargs-parser': [ '21.1.1' ],
1746 silly audit   'merge-stream': [ '2.0.0' ],
1746 silly audit   'mimic-fn': [ '2.1.0' ],
1746 silly audit   'is-fullwidth-code-point': [ '3.0.0' ]
1746 silly audit }
1747 http cache is-fullwidth-code-point@https://registry.npmjs.org/is-fullwidth-code-point/-/is-fullwidth-code-point-3.0.0.tgz 0ms (cache hit)
1748 http cache y18n@https://registry.npmjs.org/y18n/-/y18n-5.0.8.tgz 0ms (cache hit)
1749 http cache require-directory@https://registry.npmjs.org/require-directory/-/require-directory-2.1.1.tgz 0ms (cache hit)
1750 http cache get-caller-file@https://registry.npmjs.org/get-caller-file/-/get-caller-file-2.0.5.tgz 0ms (cache hit)
1751 http cache cliui@https://registry.npmjs.org/cliui/-/cliui-8.0.1.tgz 0ms (cache hit)
1752 http cache color-name@https://registry.npmjs.org/color-name/-/color-name-1.1.4.tgz 0ms (cache hit)
1753 http cache color-convert@https://registry.npmjs.org/color-convert/-/color-convert-2.0.1.tgz 0ms (cache hit)
1754 http cache ansi-styles@https://registry.npmjs.org/ansi-styles/-/ansi-styles-4.3.0.tgz 0ms (cache hit)
1755 http cache isexe@https://registry.npmjs.org/isexe/-/isexe-3.1.1.tgz 0ms (cache hit)
1756 http cache escalade@https://registry.npmjs.org/escalade/-/escalade-3.2.0.tgz 0ms (cache hit)
1757 http cache media-typer@https://registry.npmjs.org/media-typer/-/media-typer-1.1.0.tgz 0ms (cache hit)
1758 http cache tagged-tag@https://registry.npmjs.org/tagged-tag/-/tagged-tag-1.0.0.tgz 0ms (cache hit)
1759 http cache strip-bom@https://registry.npmjs.org/strip-bom/-/strip-bom-3.0.0.tgz 0ms (cache hit)
1760 http cache minimist@https://registry.npmjs.org/minimist/-/minimist-1.2.8.tgz 0ms (cache hit)
1761 http cache @isaacs/balanced-match@https://registry.npmjs.org/@isaacs/balanced-match/-/balanced-match-4.0.1.tgz 0ms (cache hit)
1762 http cache @isaacs/brace-expansion@https://registry.npmjs.org/@isaacs/brace-expansion/-/brace-expansion-5.0.0.tgz 0ms (cache hit)
1763 http cache path-browserify@https://registry.npmjs.org/path-browserify/-/path-browserify-1.0.1.tgz 0ms (cache hit)
1764 http cache minimatch@https://registry.npmjs.org/minimatch/-/minimatch-10.1.1.tgz 0ms (cache hit)
1765 http cache code-block-writer@https://registry.npmjs.org/code-block-writer/-/code-block-writer-13.0.3.tgz 0ms (cache hit)
1766 http cache @ts-morph/common@https://registry.npmjs.org/@ts-morph/common/-/common-0.27.0.tgz 0ms (cache hit)
1767 http cache tldts-core@https://registry.npmjs.org/tldts-core/-/tldts-core-7.0.19.tgz 0ms (cache hit)
1768 http cache tldts@https://registry.npmjs.org/tldts/-/tldts-7.0.19.tgz 0ms (cache hit)
1769 http cache is-number@https://registry.npmjs.org/is-number/-/is-number-7.0.0.tgz 0ms (cache hit)
1770 http cache ansi-regex@https://registry.npmjs.org/ansi-regex/-/ansi-regex-6.2.2.tgz 0ms (cache hit)
1771 http cache is-regexp@https://registry.npmjs.org/is-regexp/-/is-regexp-3.1.0.tgz 0ms (cache hit)
1772 http cache is-obj@https://registry.npmjs.org/is-obj/-/is-obj-3.0.0.tgz 0ms (cache hit)
1773 http cache get-own-enumerable-keys@https://registry.npmjs.org/get-own-enumerable-keys/-/get-own-enumerable-keys-1.0.0.tgz 0ms (cache hit)
1774 http cache get-east-asian-width@https://registry.npmjs.org/get-east-asian-width/-/get-east-asian-width-1.4.0.tgz 0ms (cache hit)
1775 http cache dunder-proto@https://registry.npmjs.org/dunder-proto/-/dunder-proto-1.0.1.tgz 0ms (cache hit)
1776 http cache emoji-regex@https://registry.npmjs.org/emoji-regex/-/emoji-regex-10.6.0.tgz 0ms (cache hit)
1777 http cache math-intrinsics@https://registry.npmjs.org/math-intrinsics/-/math-intrinsics-1.1.0.tgz 0ms (cache hit)
1778 http cache hasown@https://registry.npmjs.org/hasown/-/hasown-2.0.2.tgz 0ms (cache hit)
1779 http cache has-symbols@https://registry.npmjs.org/has-symbols/-/has-symbols-1.1.0.tgz 0ms (cache hit)
1780 http cache gopd@https://registry.npmjs.org/gopd/-/gopd-1.2.0.tgz 0ms (cache hit)
1781 http cache get-proto@https://registry.npmjs.org/get-proto/-/get-proto-1.0.1.tgz 0ms (cache hit)
1782 http cache es-object-atoms@https://registry.npmjs.org/es-object-atoms/-/es-object-atoms-1.1.1.tgz 0ms (cache hit)
1783 http cache es-define-property@https://registry.npmjs.org/es-define-property/-/es-define-property-1.0.1.tgz 0ms (cache hit)
1784 http cache function-bind@https://registry.npmjs.org/function-bind/-/function-bind-1.1.2.tgz 0ms (cache hit)
1785 http cache call-bind-apply-helpers@https://registry.npmjs.org/call-bind-apply-helpers/-/call-bind-apply-helpers-1.0.2.tgz 0ms (cache hit)
1786 http cache get-intrinsic@https://registry.npmjs.org/get-intrinsic/-/get-intrinsic-1.3.0.tgz 0ms (cache hit)
1787 http cache call-bound@https://registry.npmjs.org/call-bound/-/call-bound-1.0.4.tgz 0ms (cache hit)
1788 http cache side-channel-weakmap@https://registry.npmjs.org/side-channel-weakmap/-/side-channel-weakmap-1.0.2.tgz 0ms (cache hit)
1789 http cache side-channel-map@https://registry.npmjs.org/side-channel-map/-/side-channel-map-1.0.1.tgz 0ms (cache hit)
1790 http cache side-channel-list@https://registry.npmjs.org/side-channel-list/-/side-channel-list-1.0.0.tgz 0ms (cache hit)
1791 http cache object-inspect@https://registry.npmjs.org/object-inspect/-/object-inspect-1.13.4.tgz 0ms (cache hit)
1792 http cache es-errors@https://registry.npmjs.org/es-errors/-/es-errors-1.3.0.tgz 0ms (cache hit)
1793 http cache shebang-regex@https://registry.npmjs.org/shebang-regex/-/shebang-regex-3.0.0.tgz 0ms (cache hit)
1794 http cache queue-microtask@https://registry.npmjs.org/queue-microtask/-/queue-microtask-1.2.3.tgz 0ms (cache hit)
1795 http cache is-promise@https://registry.npmjs.org/is-promise/-/is-promise-4.0.0.tgz 0ms (cache hit)
1796 http cache mimic-function@https://registry.npmjs.org/mimic-function/-/mimic-function-5.0.1.tgz 0ms (cache hit)
1797 http cache onetime@https://registry.npmjs.org/onetime/-/onetime-7.0.0.tgz 0ms (cache hit)
1798 http cache tslib@https://registry.npmjs.org/tslib/-/tslib-2.8.1.tgz 0ms (cache hit)
1799 http cache tiny-invariant@https://registry.npmjs.org/tiny-invariant/-/tiny-invariant-1.3.3.tgz 0ms (cache hit)
1800 http cache source-map@https://registry.npmjs.org/source-map/-/source-map-0.6.1.tgz 0ms (cache hit)
1801 http cache esprima@https://registry.npmjs.org/esprima/-/esprima-4.0.1.tgz 0ms (cache hit)
1802 http cache ast-types@https://registry.npmjs.org/ast-types/-/ast-types-0.16.1.tgz 0ms (cache hit)
1803 http cache unpipe@https://registry.npmjs.org/unpipe/-/unpipe-1.0.0.tgz 0ms (cache hit)
1804 http cache side-channel@https://registry.npmjs.org/side-channel/-/side-channel-1.1.0.tgz 0ms (cache hit)
1805 http cache ipaddr.js@https://registry.npmjs.org/ipaddr.js/-/ipaddr.js-1.9.1.tgz 0ms (cache hit)
1806 http cache forwarded@https://registry.npmjs.org/forwarded/-/forwarded-0.2.0.tgz 0ms (cache hit)
1807 http cache sisteransi@https://registry.npmjs.org/sisteransi/-/sisteransi-1.0.5.tgz 0ms (cache hit)
1808 http cache parse-ms@https://registry.npmjs.org/parse-ms/-/parse-ms-4.0.0.tgz 0ms (cache hit)
1809 http cache source-map-js@https://registry.npmjs.org/source-map-js/-/source-map-js-1.2.1.tgz 0ms (cache hit)
1810 http cache nanoid@https://registry.npmjs.org/nanoid/-/nanoid-3.3.11.tgz 0ms (cache hit)
1811 http cache is-arrayish@https://registry.npmjs.org/is-arrayish/-/is-arrayish-0.2.1.tgz 0ms (cache hit)
1812 http cache lines-and-columns@https://registry.npmjs.org/lines-and-columns/-/lines-and-columns-1.2.4.tgz 0ms (cache hit)
1813 http cache json-parse-even-better-errors@https://registry.npmjs.org/json-parse-even-better-errors/-/json-parse-even-better-errors-2.3.1.tgz 0ms (cache hit)
1814 http cache error-ex@https://registry.npmjs.org/error-ex/-/error-ex-1.3.4.tgz 0ms (cache hit)
1815 http cache callsites@https://registry.npmjs.org/callsites/-/callsites-3.1.0.tgz 0ms (cache hit)
1816 http cache restore-cursor@https://registry.npmjs.org/restore-cursor/-/restore-cursor-5.1.0.tgz 0ms (cache hit)
1817 http cache strip-ansi@https://registry.npmjs.org/strip-ansi/-/strip-ansi-7.1.2.tgz 0ms (cache hit)
1818 http cache string-width@https://registry.npmjs.org/string-width/-/string-width-7.2.0.tgz 0ms (cache hit)
1819 http cache stdin-discarder@https://registry.npmjs.org/stdin-discarder/-/stdin-discarder-0.2.2.tgz 0ms (cache hit)
1820 http cache log-symbols@https://registry.npmjs.org/log-symbols/-/log-symbols-6.0.0.tgz 0ms (cache hit)
1821 http cache is-interactive@https://registry.npmjs.org/is-interactive/-/is-interactive-2.0.0.tgz 0ms (cache hit)
1822 http cache cli-spinners@https://registry.npmjs.org/cli-spinners/-/cli-spinners-2.9.2.tgz 0ms (cache hit)
1823 http cache cli-cursor@https://registry.npmjs.org/cli-cursor/-/cli-cursor-5.0.0.tgz 0ms (cache hit)
1824 http cache chalk@https://registry.npmjs.org/chalk/-/chalk-5.6.2.tgz 0ms (cache hit)
1825 http cache wrappy@https://registry.npmjs.org/wrappy/-/wrappy-1.0.2.tgz 0ms (cache hit)
1826 http cache ee-first@https://registry.npmjs.org/ee-first/-/ee-first-1.1.1.tgz 0ms (cache hit)
1827 http cache unicorn-magic@https://registry.npmjs.org/unicorn-magic/-/unicorn-magic-0.3.0.tgz 0ms (cache hit)
1828 http cache web-streams-polyfill@https://registry.npmjs.org/web-streams-polyfill/-/web-streams-polyfill-3.3.3.tgz 0ms (cache hit)
1829 http cache node-domexception@https://registry.npmjs.org/node-domexception/-/node-domexception-1.0.0.tgz 0ms (cache hit)
1830 http cache formdata-polyfill@https://registry.npmjs.org/formdata-polyfill/-/formdata-polyfill-4.0.10.tgz 0ms (cache hit)
1831 http cache fetch-blob@https://registry.npmjs.org/fetch-blob/-/fetch-blob-3.2.0.tgz 0ms (cache hit)
1832 http cache data-uri-to-buffer@https://registry.npmjs.org/data-uri-to-buffer/-/data-uri-to-buffer-4.0.1.tgz 0ms (cache hit)
1833 http cache @open-draft/until@https://registry.npmjs.org/@open-draft/until/-/until-2.1.0.tgz 0ms (cache hit)
1834 http cache @open-draft/logger@https://registry.npmjs.org/@open-draft/logger/-/logger-0.3.0.tgz 0ms (cache hit)
1835 http cache yoctocolors-cjs@https://registry.npmjs.org/yoctocolors-cjs/-/yoctocolors-cjs-2.1.3.tgz 0ms (cache hit)
1836 http cache wrap-ansi@https://registry.npmjs.org/wrap-ansi/-/wrap-ansi-6.2.0.tgz 0ms (cache hit)
1837 http cache mute-stream@https://registry.npmjs.org/mute-stream/-/mute-stream-2.0.0.tgz 0ms (cache hit)
1838 http cache cli-width@https://registry.npmjs.org/cli-width/-/cli-width-4.1.0.tgz 0ms (cache hit)
1839 http cache @inquirer/figures@https://registry.npmjs.org/@inquirer/figures/-/figures-1.0.15.tgz 0ms (cache hit)
1840 http cache @inquirer/ansi@https://registry.npmjs.org/@inquirer/ansi/-/ansi-1.0.2.tgz 0ms (cache hit)
1841 http cache @inquirer/type@https://registry.npmjs.org/@inquirer/type/-/type-3.0.10.tgz 0ms (cache hit)
1842 http cache merge-stream@https://registry.npmjs.org/merge-stream/-/merge-stream-2.0.0.tgz 0ms (cache hit)
1843 http cache @inquirer/core@https://registry.npmjs.org/@inquirer/core/-/core-10.3.2.tgz 0ms (cache hit)
1844 http cache mimic-fn@https://registry.npmjs.org/mimic-fn/-/mimic-fn-2.1.0.tgz 0ms (cache hit)
1845 http cache yargs-parser@https://registry.npmjs.org/yargs-parser/-/yargs-parser-21.1.1.tgz 0ms (cache hit)
1846 http cache yargs@https://registry.npmjs.org/yargs/-/yargs-17.7.2.tgz 0ms (cache hit)
1847 http cache until-async@https://registry.npmjs.org/until-async/-/until-async-3.0.2.tgz 0ms (cache hit)
1848 http cache type-fest@https://registry.npmjs.org/type-fest/-/type-fest-5.3.0.tgz 0ms (cache hit)
1849 http cache tough-cookie@https://registry.npmjs.org/tough-cookie/-/tough-cookie-6.0.0.tgz 0ms (cache hit)
1850 http cache strict-event-emitter@https://registry.npmjs.org/strict-event-emitter/-/strict-event-emitter-0.5.1.tgz 0ms (cache hit)
1851 http cache rettime@https://registry.npmjs.org/rettime/-/rettime-0.7.0.tgz 0ms (cache hit)
1852 http cache path-to-regexp@https://registry.npmjs.org/path-to-regexp/-/path-to-regexp-6.3.0.tgz 0ms (cache hit)
1853 http cache outvariant@https://registry.npmjs.org/outvariant/-/outvariant-1.4.3.tgz 0ms (cache hit)
1854 http cache is-node-process@https://registry.npmjs.org/is-node-process/-/is-node-process-1.2.0.tgz 0ms (cache hit)
1855 http cache headers-polyfill@https://registry.npmjs.org/headers-polyfill/-/headers-polyfill-4.0.3.tgz 0ms (cache hit)
1856 http cache graphql@https://registry.npmjs.org/graphql/-/graphql-16.12.0.tgz 0ms (cache hit)
1857 http cache @types/statuses@https://registry.npmjs.org/@types/statuses/-/statuses-2.0.6.tgz 0ms (cache hit)
1858 http cache @open-draft/deferred-promise@https://registry.npmjs.org/@open-draft/deferred-promise/-/deferred-promise-2.2.0.tgz 0ms (cache hit)
1859 http cache @mswjs/interceptors@https://registry.npmjs.org/@mswjs/interceptors/-/interceptors-0.40.0.tgz 0ms (cache hit)
1860 http cache @inquirer/confirm@https://registry.npmjs.org/@inquirer/confirm/-/confirm-5.1.21.tgz 0ms (cache hit)
1861 http cache mime-db@https://registry.npmjs.org/mime-db/-/mime-db-1.54.0.tgz 0ms (cache hit)
1862 http cache to-regex-range@https://registry.npmjs.org/to-regex-range/-/to-regex-range-5.0.1.tgz 0ms (cache hit)
1863 http cache fill-range@https://registry.npmjs.org/fill-range/-/fill-range-7.1.1.tgz 0ms (cache hit)
1864 http cache braces@https://registry.npmjs.org/braces/-/braces-3.0.3.tgz 0ms (cache hit)
1865 http cache yallist@https://registry.npmjs.org/yallist/-/yallist-3.1.1.tgz 0ms (cache hit)
1866 http cache argparse@https://registry.npmjs.org/argparse/-/argparse-2.0.1.tgz 0ms (cache hit)
1867 http cache is-extglob@https://registry.npmjs.org/is-extglob/-/is-extglob-2.1.1.tgz 0ms (cache hit)
1868 http cache resolve-from@https://registry.npmjs.org/resolve-from/-/resolve-from-4.0.0.tgz 0ms (cache hit)
1869 http cache parent-module@https://registry.npmjs.org/parent-module/-/parent-module-1.0.1.tgz 0ms (cache hit)
1870 http cache safer-buffer@https://registry.npmjs.org/safer-buffer/-/safer-buffer-2.1.2.tgz 0ms (cache hit)
1871 http cache agent-base@https://registry.npmjs.org/agent-base/-/agent-base-7.1.4.tgz 0ms (cache hit)
1872 http cache toidentifier@https://registry.npmjs.org/toidentifier/-/toidentifier-1.0.1.tgz 0ms (cache hit)
1873 http cache setprototypeof@https://registry.npmjs.org/setprototypeof/-/setprototypeof-1.2.0.tgz 0ms (cache hit)
1874 http cache inherits@https://registry.npmjs.org/inherits/-/inherits-2.0.4.tgz 0ms (cache hit)
1875 http cache is-glob@https://registry.npmjs.org/is-glob/-/is-glob-4.0.3.tgz 0ms (cache hit)
1876 http cache @sec-ant/readable-stream@https://registry.npmjs.org/@sec-ant/readable-stream/-/readable-stream-0.4.1.tgz 0ms (cache hit)
1877 http cache universalify@https://registry.npmjs.org/universalify/-/universalify-2.0.1.tgz 0ms (cache hit)
1878 http cache jsonfile@https://registry.npmjs.org/jsonfile/-/jsonfile-6.2.0.tgz 0ms (cache hit)
1879 http cache graceful-fs@https://registry.npmjs.org/graceful-fs/-/graceful-fs-4.2.11.tgz 0ms (cache hit)
1880 http cache is-unicode-supported@https://registry.npmjs.org/is-unicode-supported/-/is-unicode-supported-2.1.0.tgz 0ms (cache hit)
1881 http cache reusify@https://registry.npmjs.org/reusify/-/reusify-1.1.0.tgz 0ms (cache hit)
1882 http cache run-parallel@https://registry.npmjs.org/run-parallel/-/run-parallel-1.2.0.tgz 0ms (cache hit)
1883 http cache fastq@https://registry.npmjs.org/fastq/-/fastq-1.19.1.tgz 0ms (cache hit)
1884 http cache @nodelib/fs.scandir@https://registry.npmjs.org/@nodelib/fs.scandir/-/fs.scandir-2.1.5.tgz 0ms (cache hit)
1885 http cache micromatch@https://registry.npmjs.org/micromatch/-/micromatch-4.0.8.tgz 0ms (cache hit)
1886 http cache merge2@https://registry.npmjs.org/merge2/-/merge2-1.4.1.tgz 0ms (cache hit)
1887 http cache glob-parent@https://registry.npmjs.org/glob-parent/-/glob-parent-5.1.2.tgz 0ms (cache hit)
1888 http cache @nodelib/fs.walk@https://registry.npmjs.org/@nodelib/fs.walk/-/fs.walk-1.2.8.tgz 0ms (cache hit)
1889 http cache @nodelib/fs.stat@https://registry.npmjs.org/@nodelib/fs.stat/-/fs.stat-2.0.5.tgz 0ms (cache hit)
1890 http cache iconv-lite@https://registry.npmjs.org/iconv-lite/-/iconv-lite-0.7.0.tgz 0ms (cache hit)
1891 http cache bytes@https://registry.npmjs.org/bytes/-/bytes-3.1.2.tgz 0ms (cache hit)
1892 http cache negotiator@https://registry.npmjs.org/negotiator/-/negotiator-1.0.0.tgz 0ms (cache hit)
1893 http cache type-is@https://registry.npmjs.org/type-is/-/type-is-2.0.1.tgz 0ms (cache hit)
1894 http cache statuses@https://registry.npmjs.org/statuses/-/statuses-2.0.2.tgz 0ms (cache hit)
1895 http cache send@https://registry.npmjs.org/send/-/send-1.2.0.tgz 0ms (cache hit)
1896 http cache router@https://registry.npmjs.org/router/-/router-2.2.0.tgz 0ms (cache hit)
1897 http cache range-parser@https://registry.npmjs.org/range-parser/-/range-parser-1.2.1.tgz 0ms (cache hit)
1898 http cache serve-static@https://registry.npmjs.org/serve-static/-/serve-static-2.2.0.tgz 0ms (cache hit)
1899 http cache qs@https://registry.npmjs.org/qs/-/qs-6.14.0.tgz 0ms (cache hit)
1900 http cache proxy-addr@https://registry.npmjs.org/proxy-addr/-/proxy-addr-2.0.7.tgz 0ms (cache hit)
1901 http cache parseurl@https://registry.npmjs.org/parseurl/-/parseurl-1.3.3.tgz 0ms (cache hit)
1902 http cache once@https://registry.npmjs.org/once/-/once-1.4.0.tgz 0ms (cache hit)
1903 http cache on-finished@https://registry.npmjs.org/on-finished/-/on-finished-2.4.1.tgz 0ms (cache hit)
1904 http cache mime-types@https://registry.npmjs.org/mime-types/-/mime-types-3.0.2.tgz 0ms (cache hit)
1905 http cache merge-descriptors@https://registry.npmjs.org/merge-descriptors/-/merge-descriptors-2.0.0.tgz 0ms (cache hit)
1906 http cache http-errors@https://registry.npmjs.org/http-errors/-/http-errors-2.0.1.tgz 0ms (cache hit)
1907 http cache fresh@https://registry.npmjs.org/fresh/-/fresh-2.0.0.tgz 0ms (cache hit)
1908 http cache finalhandler@https://registry.npmjs.org/finalhandler/-/finalhandler-2.1.1.tgz 0ms (cache hit)
1909 http cache etag@https://registry.npmjs.org/etag/-/etag-1.8.1.tgz 0ms (cache hit)
1910 http cache escape-html@https://registry.npmjs.org/escape-html/-/escape-html-1.0.3.tgz 0ms (cache hit)
1911 http cache encodeurl@https://registry.npmjs.org/encodeurl/-/encodeurl-2.0.0.tgz 0ms (cache hit)
1912 http cache depd@https://registry.npmjs.org/depd/-/depd-2.0.0.tgz 0ms (cache hit)
1913 http cache cookie-signature@https://registry.npmjs.org/cookie-signature/-/cookie-signature-1.2.2.tgz 0ms (cache hit)
1914 http cache cookie@https://registry.npmjs.org/cookie/-/cookie-0.7.2.tgz 0ms (cache hit)
1915 http cache content-disposition@https://registry.npmjs.org/content-disposition/-/content-disposition-1.0.1.tgz 0ms (cache hit)
1916 http cache body-parser@https://registry.npmjs.org/body-parser/-/body-parser-2.2.1.tgz 0ms (cache hit)
1917 http cache accepts@https://registry.npmjs.org/accepts/-/accepts-2.0.0.tgz 0ms (cache hit)
1918 http cache yoctocolors@https://registry.npmjs.org/yoctocolors/-/yoctocolors-2.1.2.tgz 0ms (cache hit)
1919 http cache strip-final-newline@https://registry.npmjs.org/strip-final-newline/-/strip-final-newline-4.0.0.tgz 0ms (cache hit)
1920 http cache signal-exit@https://registry.npmjs.org/signal-exit/-/signal-exit-4.1.0.tgz 0ms (cache hit)
1921 http cache pretty-ms@https://registry.npmjs.org/pretty-ms/-/pretty-ms-9.3.0.tgz 0ms (cache hit)
1922 http cache npm-run-path@https://registry.npmjs.org/npm-run-path/-/npm-run-path-6.0.0.tgz 0ms (cache hit)
1923 http cache is-stream@https://registry.npmjs.org/is-stream/-/is-stream-4.0.1.tgz 0ms (cache hit)
1924 http cache is-plain-obj@https://registry.npmjs.org/is-plain-obj/-/is-plain-obj-4.1.0.tgz 0ms (cache hit)
1925 http cache human-signals@https://registry.npmjs.org/human-signals/-/human-signals-8.0.1.tgz 0ms (cache hit)
1926 http cache get-stream@https://registry.npmjs.org/get-stream/-/get-stream-9.0.1.tgz 0ms (cache hit)
1927 http cache figures@https://registry.npmjs.org/figures/-/figures-6.1.0.tgz 0ms (cache hit)
1928 http cache @sindresorhus/merge-streams@https://registry.npmjs.org/@sindresorhus/merge-streams/-/merge-streams-4.0.0.tgz 0ms (cache hit)
1929 http cache @noble/hashes@https://registry.npmjs.org/@noble/hashes/-/hashes-1.8.0.tgz 0ms (cache hit)
1930 http cache @noble/curves@https://registry.npmjs.org/@noble/curves/-/curves-1.9.7.tgz 0ms (cache hit)
1931 http cache @noble/ciphers@https://registry.npmjs.org/@noble/ciphers/-/ciphers-1.3.0.tgz 0ms (cache hit)
1932 http cache @ecies/ciphers@https://registry.npmjs.org/@ecies/ciphers/-/ciphers-0.2.5.tgz 0ms (cache hit)
1933 http cache ms@https://registry.npmjs.org/ms/-/ms-2.1.3.tgz 0ms (cache hit)
1934 http cache shebang-command@https://registry.npmjs.org/shebang-command/-/shebang-command-2.0.0.tgz 0ms (cache hit)
1935 http cache path-key@https://registry.npmjs.org/path-key/-/path-key-3.1.1.tgz 0ms (cache hit)
1936 http cache parse-json@https://registry.npmjs.org/parse-json/-/parse-json-5.2.0.tgz 0ms (cache hit)
1937 http cache js-yaml@https://registry.npmjs.org/js-yaml/-/js-yaml-4.1.1.tgz 0ms (cache hit)
1938 http cache import-fresh@https://registry.npmjs.org/import-fresh/-/import-fresh-3.3.1.tgz 0ms (cache hit)
1939 http cache env-paths@https://registry.npmjs.org/env-paths/-/env-paths-2.2.1.tgz 0ms (cache hit)
1940 http cache vary@https://registry.npmjs.org/vary/-/vary-1.1.2.tgz 0ms (cache hit)
1941 http cache object-assign@https://registry.npmjs.org/object-assign/-/object-assign-4.1.1.tgz 0ms (cache hit)
1942 http cache update-browserslist-db@https://registry.npmjs.org/update-browserslist-db/-/update-browserslist-db-1.2.2.tgz 0ms (cache hit)
1943 http cache node-releases@https://registry.npmjs.org/node-releases/-/node-releases-2.0.27.tgz 0ms (cache hit)
1944 http cache electron-to-chromium@https://registry.npmjs.org/electron-to-chromium/-/electron-to-chromium-1.5.264.tgz 0ms (cache hit)
1945 http cache caniuse-lite@https://registry.npmjs.org/caniuse-lite/-/caniuse-lite-1.0.30001759.tgz 0ms (cache hit)
1946 http cache baseline-browser-mapping@https://registry.npmjs.org/baseline-browser-mapping/-/baseline-browser-mapping-2.9.2.tgz 0ms (cache hit)
1947 http cache require-from-string@https://registry.npmjs.org/require-from-string/-/require-from-string-2.0.2.tgz 0ms (cache hit)
1948 http cache json-schema-traverse@https://registry.npmjs.org/json-schema-traverse/-/json-schema-traverse-1.0.0.tgz 0ms (cache hit)
1949 http cache fast-uri@https://registry.npmjs.org/fast-uri/-/fast-uri-3.1.0.tgz 0ms (cache hit)
1950 http cache fast-deep-equal@https://registry.npmjs.org/fast-deep-equal/-/fast-deep-equal-3.1.3.tgz 0ms (cache hit)
1951 http cache raw-body@https://registry.npmjs.org/raw-body/-/raw-body-3.0.2.tgz 0ms (cache hit)
1952 http cache pkce-challenge@https://registry.npmjs.org/pkce-challenge/-/pkce-challenge-5.0.1.tgz 0ms (cache hit)
1953 http cache jose@https://registry.npmjs.org/jose/-/jose-6.1.3.tgz 0ms (cache hit)
1954 http cache express-rate-limit@https://registry.npmjs.org/express-rate-limit/-/express-rate-limit-7.5.1.tgz 0ms (cache hit)
1955 http cache express@https://registry.npmjs.org/express/-/express-5.2.1.tgz 0ms (cache hit)
1956 http cache eventsource-parser@https://registry.npmjs.org/eventsource-parser/-/eventsource-parser-3.0.6.tgz 0ms (cache hit)
1957 http cache eventsource@https://registry.npmjs.org/eventsource/-/eventsource-3.0.7.tgz 0ms (cache hit)
1958 http cache cross-spawn@https://registry.npmjs.org/cross-spawn/-/cross-spawn-7.0.6.tgz 0ms (cache hit)
1959 http cache cors@https://registry.npmjs.org/cors/-/cors-2.8.5.tgz 0ms (cache hit)
1960 http cache content-type@https://registry.npmjs.org/content-type/-/content-type-1.0.5.tgz 0ms (cache hit)
1961 http cache ajv-formats@https://registry.npmjs.org/ajv-formats/-/ajv-formats-3.0.1.tgz 0ms (cache hit)
1962 http cache ajv@https://registry.npmjs.org/ajv/-/ajv-8.17.1.tgz 0ms (cache hit)
1963 http cache @jridgewell/resolve-uri@https://registry.npmjs.org/@jridgewell/resolve-uri/-/resolve-uri-3.1.2.tgz 0ms (cache hit)
1964 http cache @jridgewell/sourcemap-codec@https://registry.npmjs.org/@jridgewell/sourcemap-codec/-/sourcemap-codec-1.5.5.tgz 0ms (cache hit)
1965 http cache which@https://registry.npmjs.org/which/-/which-4.0.0.tgz 0ms (cache hit)
1966 http cache picomatch@https://registry.npmjs.org/picomatch/-/picomatch-4.0.3.tgz 0ms (cache hit)
1967 http cache object-treeify@https://registry.npmjs.org/object-treeify/-/object-treeify-1.1.33.tgz 0ms (cache hit)
1968 http cache ignore@https://registry.npmjs.org/ignore/-/ignore-5.3.2.tgz 0ms (cache hit)
1969 http cache fdir@https://registry.npmjs.org/fdir/-/fdir-6.5.0.tgz 0ms (cache hit)
1970 http cache eciesjs@https://registry.npmjs.org/eciesjs/-/eciesjs-0.4.16.tgz 0ms (cache hit)
1971 http cache dotenv@https://registry.npmjs.org/dotenv/-/dotenv-17.2.3.tgz 0ms (cache hit)
1972 http cache @babel/helper-string-parser@https://registry.npmjs.org/@babel/helper-string-parser/-/helper-string-parser-7.27.1.tgz 0ms (cache hit)
1973 http cache @babel/helper-globals@https://registry.npmjs.org/@babel/helper-globals/-/helper-globals-7.28.0.tgz 0ms (cache hit)
1974 http cache @babel/plugin-transform-modules-commonjs@https://registry.npmjs.org/@babel/plugin-transform-modules-commonjs/-/plugin-transform-modules-commonjs-7.27.1.tgz 0ms (cache hit)
1975 http cache @babel/plugin-syntax-jsx@https://registry.npmjs.org/@babel/plugin-syntax-jsx/-/plugin-syntax-jsx-7.27.1.tgz 0ms (cache hit)
1976 http cache @babel/helper-replace-supers@https://registry.npmjs.org/@babel/helper-replace-supers/-/helper-replace-supers-7.27.1.tgz 0ms (cache hit)
1977 http cache @babel/helper-optimise-call-expression@https://registry.npmjs.org/@babel/helper-optimise-call-expression/-/helper-optimise-call-expression-7.27.1.tgz 0ms (cache hit)
1978 http cache @babel/helper-member-expression-to-functions@https://registry.npmjs.org/@babel/helper-member-expression-to-functions/-/helper-member-expression-to-functions-7.28.5.tgz 0ms (cache hit)
1979 http cache @babel/plugin-syntax-typescript@https://registry.npmjs.org/@babel/plugin-syntax-typescript/-/plugin-syntax-typescript-7.27.1.tgz 0ms (cache hit)
1980 http cache @babel/helper-skip-transparent-expression-wrappers@https://registry.npmjs.org/@babel/helper-skip-transparent-expression-wrappers/-/helper-skip-transparent-expression-wrappers-7.27.1.tgz 0ms (cache hit)
1981 http cache @babel/helper-plugin-utils@https://registry.npmjs.org/@babel/helper-plugin-utils/-/helper-plugin-utils-7.27.1.tgz 0ms (cache hit)
1982 http cache @babel/helper-create-class-features-plugin@https://registry.npmjs.org/@babel/helper-create-class-features-plugin/-/helper-create-class-features-plugin-7.28.5.tgz 0ms (cache hit)
1983 http cache @babel/helper-annotate-as-pure@https://registry.npmjs.org/@babel/helper-annotate-as-pure/-/helper-annotate-as-pure-7.27.3.tgz 0ms (cache hit)
1984 http cache @babel/helper-module-imports@https://registry.npmjs.org/@babel/helper-module-imports/-/helper-module-imports-7.27.1.tgz 0ms (cache hit)
1985 http cache lru-cache@https://registry.npmjs.org/lru-cache/-/lru-cache-5.1.1.tgz 0ms (cache hit)
1986 http cache @babel/helper-validator-option@https://registry.npmjs.org/@babel/helper-validator-option/-/helper-validator-option-7.27.1.tgz 0ms (cache hit)
1987 http cache @babel/compat-data@https://registry.npmjs.org/@babel/compat-data/-/compat-data-7.28.5.tgz 0ms (cache hit)
1988 http cache jsesc@https://registry.npmjs.org/jsesc/-/jsesc-3.1.0.tgz 0ms (cache hit)
1989 http cache @jridgewell/trace-mapping@https://registry.npmjs.org/@jridgewell/trace-mapping/-/trace-mapping-0.3.31.tgz 0ms (cache hit)
1990 http cache @jridgewell/gen-mapping@https://registry.npmjs.org/@jridgewell/gen-mapping/-/gen-mapping-0.3.13.tgz 0ms (cache hit)
1991 http cache picocolors@https://registry.npmjs.org/picocolors/-/picocolors-1.1.1.tgz 0ms (cache hit)
1992 http cache js-tokens@https://registry.npmjs.org/js-tokens/-/js-tokens-4.0.0.tgz 0ms (cache hit)
1993 http cache @babel/helper-validator-identifier@https://registry.npmjs.org/@babel/helper-validator-identifier/-/helper-validator-identifier-7.28.5.tgz 0ms (cache hit)
1994 http cache semver@https://registry.npmjs.org/semver/-/semver-6.3.1.tgz 0ms (cache hit)
1995 http cache json5@https://registry.npmjs.org/json5/-/json5-2.2.3.tgz 0ms (cache hit)
1996 http cache gensync@https://registry.npmjs.org/gensync/-/gensync-1.0.0-beta.2.tgz 0ms (cache hit)
1997 http cache debug@https://registry.npmjs.org/debug/-/debug-4.4.3.tgz 0ms (cache hit)
1998 http cache convert-source-map@https://registry.npmjs.org/convert-source-map/-/convert-source-map-2.0.0.tgz 0ms (cache hit)
1999 http cache @jridgewell/remapping@https://registry.npmjs.org/@jridgewell/remapping/-/remapping-2.3.5.tgz 0ms (cache hit)
2000 http cache @babel/types@https://registry.npmjs.org/@babel/types/-/types-7.28.5.tgz 0ms (cache hit)
2001 http cache @babel/template@https://registry.npmjs.org/@babel/template/-/template-7.27.2.tgz 0ms (cache hit)
2002 http cache @babel/helpers@https://registry.npmjs.org/@babel/helpers/-/helpers-7.28.4.tgz 0ms (cache hit)
2003 http cache @babel/traverse@https://registry.npmjs.org/@babel/traverse/-/traverse-7.28.5.tgz 0ms (cache hit)
2004 http cache @babel/helper-module-transforms@https://registry.npmjs.org/@babel/helper-module-transforms/-/helper-module-transforms-7.28.3.tgz 0ms (cache hit)
2005 http cache @babel/helper-compilation-targets@https://registry.npmjs.org/@babel/helper-compilation-targets/-/helper-compilation-targets-7.27.2.tgz 0ms (cache hit)
2006 http cache @babel/generator@https://registry.npmjs.org/@babel/generator/-/generator-7.28.5.tgz 0ms (cache hit)
2007 http cache @babel/code-frame@https://registry.npmjs.org/@babel/code-frame/-/code-frame-7.27.1.tgz 0ms (cache hit)
2008 http cache tinyexec@https://registry.npmjs.org/tinyexec/-/tinyexec-1.0.2.tgz 0ms (cache hit)
2009 http cache package-manager-detector@https://registry.npmjs.org/package-manager-detector/-/package-manager-detector-1.6.0.tgz 0ms (cache hit)
2010 http cache fzf@https://registry.npmjs.org/fzf/-/fzf-0.5.2.tgz 0ms (cache hit)
2011 http cache ansis@https://registry.npmjs.org/ansis/-/ansis-4.2.0.tgz 0ms (cache hit)
2012 http cache zod-to-json-schema@https://registry.npmjs.org/zod-to-json-schema/-/zod-to-json-schema-3.25.0.tgz 0ms (cache hit)
2013 http cache zod@https://registry.npmjs.org/zod/-/zod-3.25.76.tgz 0ms (cache hit)
2014 http cache tsconfig-paths@https://registry.npmjs.org/tsconfig-paths/-/tsconfig-paths-4.2.0.tgz 0ms (cache hit)
2015 http cache ts-morph@https://registry.npmjs.org/ts-morph/-/ts-morph-26.0.0.tgz 0ms (cache hit)
2016 http cache stringify-object@https://registry.npmjs.org/stringify-object/-/stringify-object-5.0.0.tgz 0ms (cache hit)
2017 http cache recast@https://registry.npmjs.org/recast/-/recast-0.23.11.tgz 0ms (cache hit)
2018 http cache prompts@https://registry.npmjs.org/prompts/-/prompts-2.4.2.tgz 0ms (cache hit)
2019 http cache postcss@https://registry.npmjs.org/postcss/-/postcss-8.5.6.tgz 0ms (cache hit)
2020 http cache ora@https://registry.npmjs.org/ora/-/ora-8.2.0.tgz 0ms (cache hit)
2021 http cache node-fetch@https://registry.npmjs.org/node-fetch/-/node-fetch-3.3.2.tgz 0ms (cache hit)
2022 http cache msw@https://registry.npmjs.org/msw/-/msw-2.12.4.tgz 0ms (cache hit)
2023 http cache kleur@https://registry.npmjs.org/kleur/-/kleur-4.1.5.tgz 0ms (cache hit)
2024 http cache https-proxy-agent@https://registry.npmjs.org/https-proxy-agent/-/https-proxy-agent-7.0.6.tgz 0ms (cache hit)
2025 http cache fuzzysort@https://registry.npmjs.org/fuzzysort/-/fuzzysort-3.1.0.tgz 0ms (cache hit)
2026 http cache fs-extra@https://registry.npmjs.org/fs-extra/-/fs-extra-11.3.2.tgz 0ms (cache hit)
2027 http cache fast-glob@https://registry.npmjs.org/fast-glob/-/fast-glob-3.3.3.tgz 0ms (cache hit)
2028 http cache execa@https://registry.npmjs.org/execa/-/execa-9.6.1.tgz 0ms (cache hit)
2029 http cache diff@https://registry.npmjs.org/diff/-/diff-8.0.2.tgz 0ms (cache hit)
2030 http cache deepmerge@https://registry.npmjs.org/deepmerge/-/deepmerge-4.3.1.tgz 0ms (cache hit)
2031 http cache dedent@https://registry.npmjs.org/dedent/-/dedent-1.7.0.tgz 0ms (cache hit)
2032 http cache cosmiconfig@https://registry.npmjs.org/cosmiconfig/-/cosmiconfig-9.0.0.tgz 0ms (cache hit)
2033 http cache commander@https://registry.npmjs.org/commander/-/commander-14.0.2.tgz 0ms (cache hit)
2034 http cache browserslist@https://registry.npmjs.org/browserslist/-/browserslist-4.28.1.tgz 0ms (cache hit)
2035 http cache @modelcontextprotocol/sdk@https://registry.npmjs.org/@modelcontextprotocol/sdk/-/sdk-1.24.3.tgz 0ms (cache hit)
2036 http cache @dotenvx/dotenvx@https://registry.npmjs.org/@dotenvx/dotenvx/-/dotenvx-1.51.1.tgz 0ms (cache hit)
2037 http cache @babel/preset-typescript@https://registry.npmjs.org/@babel/preset-typescript/-/preset-typescript-7.28.5.tgz 0ms (cache hit)
2038 http cache @babel/plugin-transform-typescript@https://registry.npmjs.org/@babel/plugin-transform-typescript/-/plugin-transform-typescript-7.28.5.tgz 0ms (cache hit)
2039 http cache @babel/parser@https://registry.npmjs.org/@babel/parser/-/parser-7.28.5.tgz 0ms (cache hit)
2040 http cache @babel/core@https://registry.npmjs.org/@babel/core/-/core-7.28.5.tgz 0ms (cache hit)
2041 http cache @antfu/ni@https://registry.npmjs.org/@antfu/ni/-/ni-25.0.0.tgz 0ms (cache hit)
2042 http cache shadcn@https://registry.npmjs.org/shadcn/-/shadcn-3.5.1.tgz 0ms (cache hit)
2043 http cache ansi-regex@https://registry.npmjs.org/ansi-regex/-/ansi-regex-5.0.1.tgz 0ms (cache hit)
2044 http cache emoji-regex@https://registry.npmjs.org/emoji-regex/-/emoji-regex-8.0.0.tgz 0ms (cache hit)
2045 http cache wrap-ansi@https://registry.npmjs.org/wrap-ansi/-/wrap-ansi-7.0.0.tgz 0ms (cache hit)
2046 http cache strip-ansi@https://registry.npmjs.org/strip-ansi/-/strip-ansi-6.0.1.tgz 0ms (cache hit)
2047 http cache string-width@https://registry.npmjs.org/string-width/-/string-width-4.2.3.tgz 0ms (cache hit)
2048 http cache is-unicode-supported@https://registry.npmjs.org/is-unicode-supported/-/is-unicode-supported-1.3.0.tgz 0ms (cache hit)
2049 http cache ansi-regex@https://registry.npmjs.org/ansi-regex/-/ansi-regex-5.0.1.tgz 0ms (cache hit)
2050 http cache emoji-regex@https://registry.npmjs.org/emoji-regex/-/emoji-regex-8.0.0.tgz 0ms (cache hit)
2051 http cache strip-ansi@https://registry.npmjs.org/strip-ansi/-/strip-ansi-6.0.1.tgz 0ms (cache hit)
2052 http cache string-width@https://registry.npmjs.org/string-width/-/string-width-4.2.3.tgz 0ms (cache hit)
2053 http cache ansi-regex@https://registry.npmjs.org/ansi-regex/-/ansi-regex-5.0.1.tgz 0ms (cache hit)
2054 http cache strip-ansi@https://registry.npmjs.org/strip-ansi/-/strip-ansi-6.0.1.tgz 0ms (cache hit)
2055 http cache string-width@https://registry.npmjs.org/string-width/-/string-width-4.2.3.tgz 0ms (cache hit)
2056 http cache emoji-regex@https://registry.npmjs.org/emoji-regex/-/emoji-regex-8.0.0.tgz 0ms (cache hit)
2057 http cache picomatch@https://registry.npmjs.org/picomatch/-/picomatch-2.3.1.tgz 0ms (cache hit)
2058 http cache path-to-regexp@https://registry.npmjs.org/path-to-regexp/-/path-to-regexp-8.3.0.tgz 0ms (cache hit)
2059 http cache path-key@https://registry.npmjs.org/path-key/-/path-key-4.0.0.tgz 0ms (cache hit)
2060 http cache isexe@https://registry.npmjs.org/isexe/-/isexe-2.0.0.tgz 0ms (cache hit)
2061 http cache which@https://registry.npmjs.org/which/-/which-2.0.2.tgz 0ms (cache hit)
2062 http cache kleur@https://registry.npmjs.org/kleur/-/kleur-3.0.3.tgz 0ms (cache hit)
2063 http cache cookie@https://registry.npmjs.org/cookie/-/cookie-1.1.1.tgz 0ms (cache hit)
2064 http cache strip-final-newline@https://registry.npmjs.org/strip-final-newline/-/strip-final-newline-2.0.0.tgz 0ms (cache hit)
2065 http cache signal-exit@https://registry.npmjs.org/signal-exit/-/signal-exit-3.0.7.tgz 0ms (cache hit)
2066 http cache onetime@https://registry.npmjs.org/onetime/-/onetime-5.1.2.tgz 0ms (cache hit)
2067 http cache npm-run-path@https://registry.npmjs.org/npm-run-path/-/npm-run-path-4.0.1.tgz 0ms (cache hit)
2068 http cache is-stream@https://registry.npmjs.org/is-stream/-/is-stream-2.0.1.tgz 0ms (cache hit)
2069 http cache human-signals@https://registry.npmjs.org/human-signals/-/human-signals-2.1.0.tgz 0ms (cache hit)
2070 http cache get-stream@https://registry.npmjs.org/get-stream/-/get-stream-6.0.1.tgz 0ms (cache hit)
2071 http cache execa@https://registry.npmjs.org/execa/-/execa-5.1.1.tgz 0ms (cache hit)
2072 http cache commander@https://registry.npmjs.org/commander/-/commander-11.1.0.tgz 0ms (cache hit)
2073 silly tarball no local data for is-fullwidth-code-point@https://registry.npmjs.org/is-fullwidth-code-point/-/is-fullwidth-code-point-3.0.0.tgz. Extracting by manifest.
2074 silly tarball no local data for require-directory@https://registry.npmjs.org/require-directory/-/require-directory-2.1.1.tgz. Extracting by manifest.
2075 silly tarball no local data for get-caller-file@https://registry.npmjs.org/get-caller-file/-/get-caller-file-2.0.5.tgz. Extracting by manifest.
2076 silly tarball no local data for y18n@https://registry.npmjs.org/y18n/-/y18n-5.0.8.tgz. Extracting by manifest.
2077 silly tarball no local data for cliui@https://registry.npmjs.org/cliui/-/cliui-8.0.1.tgz. Extracting by manifest.
2078 silly tarball no local data for color-name@https://registry.npmjs.org/color-name/-/color-name-1.1.4.tgz. Extracting by manifest.
2079 silly tarball no local data for color-convert@https://registry.npmjs.org/color-convert/-/color-convert-2.0.1.tgz. Extracting by manifest.
2080 silly tarball no local data for ansi-styles@https://registry.npmjs.org/ansi-styles/-/ansi-styles-4.3.0.tgz. Extracting by manifest.
2081 silly tarball no local data for isexe@https://registry.npmjs.org/isexe/-/isexe-3.1.1.tgz. Extracting by manifest.
2082 silly tarball no local data for escalade@https://registry.npmjs.org/escalade/-/escalade-3.2.0.tgz. Extracting by manifest.
2083 silly tarball no local data for media-typer@https://registry.npmjs.org/media-typer/-/media-typer-1.1.0.tgz. Extracting by manifest.
2084 silly tarball no local data for tagged-tag@https://registry.npmjs.org/tagged-tag/-/tagged-tag-1.0.0.tgz. Extracting by manifest.
2085 silly tarball no local data for strip-bom@https://registry.npmjs.org/strip-bom/-/strip-bom-3.0.0.tgz. Extracting by manifest.
2086 silly tarball no local data for minimist@https://registry.npmjs.org/minimist/-/minimist-1.2.8.tgz. Extracting by manifest.
2087 silly tarball no local data for @isaacs/balanced-match@https://registry.npmjs.org/@isaacs/balanced-match/-/balanced-match-4.0.1.tgz. Extracting by manifest.
2088 silly tarball no local data for @isaacs/brace-expansion@https://registry.npmjs.org/@isaacs/brace-expansion/-/brace-expansion-5.0.0.tgz. Extracting by manifest.
2089 silly tarball no local data for path-browserify@https://registry.npmjs.org/path-browserify/-/path-browserify-1.0.1.tgz. Extracting by manifest.
2090 silly tarball no local data for minimatch@https://registry.npmjs.org/minimatch/-/minimatch-10.1.1.tgz. Extracting by manifest.
2091 silly tarball no local data for code-block-writer@https://registry.npmjs.org/code-block-writer/-/code-block-writer-13.0.3.tgz. Extracting by manifest.
2092 silly tarball no local data for @ts-morph/common@https://registry.npmjs.org/@ts-morph/common/-/common-0.27.0.tgz. Extracting by manifest.
2093 silly tarball no local data for tldts-core@https://registry.npmjs.org/tldts-core/-/tldts-core-7.0.19.tgz. Extracting by manifest.
2094 silly tarball no local data for tldts@https://registry.npmjs.org/tldts/-/tldts-7.0.19.tgz. Extracting by manifest.
2095 silly tarball no local data for is-number@https://registry.npmjs.org/is-number/-/is-number-7.0.0.tgz. Extracting by manifest.
2096 silly tarball no local data for ansi-regex@https://registry.npmjs.org/ansi-regex/-/ansi-regex-6.2.2.tgz. Extracting by manifest.
2097 silly tarball no local data for is-regexp@https://registry.npmjs.org/is-regexp/-/is-regexp-3.1.0.tgz. Extracting by manifest.
2098 silly tarball no local data for is-obj@https://registry.npmjs.org/is-obj/-/is-obj-3.0.0.tgz. Extracting by manifest.
2099 silly tarball no local data for get-own-enumerable-keys@https://registry.npmjs.org/get-own-enumerable-keys/-/get-own-enumerable-keys-1.0.0.tgz. Extracting by manifest.
2100 silly tarball no local data for get-east-asian-width@https://registry.npmjs.org/get-east-asian-width/-/get-east-asian-width-1.4.0.tgz. Extracting by manifest.
2101 silly tarball no local data for dunder-proto@https://registry.npmjs.org/dunder-proto/-/dunder-proto-1.0.1.tgz. Extracting by manifest.
2102 silly tarball no local data for emoji-regex@https://registry.npmjs.org/emoji-regex/-/emoji-regex-10.6.0.tgz. Extracting by manifest.
2103 silly tarball no local data for math-intrinsics@https://registry.npmjs.org/math-intrinsics/-/math-intrinsics-1.1.0.tgz. Extracting by manifest.
2104 silly tarball no local data for hasown@https://registry.npmjs.org/hasown/-/hasown-2.0.2.tgz. Extracting by manifest.
2105 silly tarball no local data for has-symbols@https://registry.npmjs.org/has-symbols/-/has-symbols-1.1.0.tgz. Extracting by manifest.
2106 silly tarball no local data for gopd@https://registry.npmjs.org/gopd/-/gopd-1.2.0.tgz. Extracting by manifest.
2107 silly tarball no local data for get-proto@https://registry.npmjs.org/get-proto/-/get-proto-1.0.1.tgz. Extracting by manifest.
2108 silly tarball no local data for es-object-atoms@https://registry.npmjs.org/es-object-atoms/-/es-object-atoms-1.1.1.tgz. Extracting by manifest.
2109 silly tarball no local data for es-define-property@https://registry.npmjs.org/es-define-property/-/es-define-property-1.0.1.tgz. Extracting by manifest.
2110 silly tarball no local data for function-bind@https://registry.npmjs.org/function-bind/-/function-bind-1.1.2.tgz. Extracting by manifest.
2111 silly tarball no local data for call-bind-apply-helpers@https://registry.npmjs.org/call-bind-apply-helpers/-/call-bind-apply-helpers-1.0.2.tgz. Extracting by manifest.
2112 silly tarball no local data for get-intrinsic@https://registry.npmjs.org/get-intrinsic/-/get-intrinsic-1.3.0.tgz. Extracting by manifest.
2113 silly tarball no local data for call-bound@https://registry.npmjs.org/call-bound/-/call-bound-1.0.4.tgz. Extracting by manifest.
2114 silly tarball no local data for side-channel-weakmap@https://registry.npmjs.org/side-channel-weakmap/-/side-channel-weakmap-1.0.2.tgz. Extracting by manifest.
2115 silly tarball no local data for side-channel-map@https://registry.npmjs.org/side-channel-map/-/side-channel-map-1.0.1.tgz. Extracting by manifest.
2116 silly tarball no local data for side-channel-list@https://registry.npmjs.org/side-channel-list/-/side-channel-list-1.0.0.tgz. Extracting by manifest.
2117 silly tarball no local data for es-errors@https://registry.npmjs.org/es-errors/-/es-errors-1.3.0.tgz. Extracting by manifest.
2118 silly tarball no local data for shebang-regex@https://registry.npmjs.org/shebang-regex/-/shebang-regex-3.0.0.tgz. Extracting by manifest.
2119 silly tarball no local data for object-inspect@https://registry.npmjs.org/object-inspect/-/object-inspect-1.13.4.tgz. Extracting by manifest.
2120 silly tarball no local data for queue-microtask@https://registry.npmjs.org/queue-microtask/-/queue-microtask-1.2.3.tgz. Extracting by manifest.
2121 silly tarball no local data for is-promise@https://registry.npmjs.org/is-promise/-/is-promise-4.0.0.tgz. Extracting by manifest.
2122 silly tarball no local data for mimic-function@https://registry.npmjs.org/mimic-function/-/mimic-function-5.0.1.tgz. Extracting by manifest.
2123 silly tarball no local data for onetime@https://registry.npmjs.org/onetime/-/onetime-7.0.0.tgz. Extracting by manifest.
2124 silly tarball no local data for tslib@https://registry.npmjs.org/tslib/-/tslib-2.8.1.tgz. Extracting by manifest.
2125 silly tarball no local data for tiny-invariant@https://registry.npmjs.org/tiny-invariant/-/tiny-invariant-1.3.3.tgz. Extracting by manifest.
2126 silly tarball no local data for source-map@https://registry.npmjs.org/source-map/-/source-map-0.6.1.tgz. Extracting by manifest.
2127 silly tarball no local data for esprima@https://registry.npmjs.org/esprima/-/esprima-4.0.1.tgz. Extracting by manifest.
2128 silly tarball no local data for ast-types@https://registry.npmjs.org/ast-types/-/ast-types-0.16.1.tgz. Extracting by manifest.
2129 silly tarball no local data for unpipe@https://registry.npmjs.org/unpipe/-/unpipe-1.0.0.tgz. Extracting by manifest.
2130 silly tarball no local data for side-channel@https://registry.npmjs.org/side-channel/-/side-channel-1.1.0.tgz. Extracting by manifest.
2131 silly tarball no local data for ipaddr.js@https://registry.npmjs.org/ipaddr.js/-/ipaddr.js-1.9.1.tgz. Extracting by manifest.
2132 silly tarball no local data for forwarded@https://registry.npmjs.org/forwarded/-/forwarded-0.2.0.tgz. Extracting by manifest.
2133 silly tarball no local data for sisteransi@https://registry.npmjs.org/sisteransi/-/sisteransi-1.0.5.tgz. Extracting by manifest.
2134 silly tarball no local data for parse-ms@https://registry.npmjs.org/parse-ms/-/parse-ms-4.0.0.tgz. Extracting by manifest.
2135 silly tarball no local data for source-map-js@https://registry.npmjs.org/source-map-js/-/source-map-js-1.2.1.tgz. Extracting by manifest.
2136 silly tarball no local data for nanoid@https://registry.npmjs.org/nanoid/-/nanoid-3.3.11.tgz. Extracting by manifest.
2137 silly tarball no local data for is-arrayish@https://registry.npmjs.org/is-arrayish/-/is-arrayish-0.2.1.tgz. Extracting by manifest.
2138 silly tarball no local data for lines-and-columns@https://registry.npmjs.org/lines-and-columns/-/lines-and-columns-1.2.4.tgz. Extracting by manifest.
2139 silly tarball no local data for json-parse-even-better-errors@https://registry.npmjs.org/json-parse-even-better-errors/-/json-parse-even-better-errors-2.3.1.tgz. Extracting by manifest.
2140 silly tarball no local data for error-ex@https://registry.npmjs.org/error-ex/-/error-ex-1.3.4.tgz. Extracting by manifest.
2141 silly tarball no local data for callsites@https://registry.npmjs.org/callsites/-/callsites-3.1.0.tgz. Extracting by manifest.
2142 silly tarball no local data for restore-cursor@https://registry.npmjs.org/restore-cursor/-/restore-cursor-5.1.0.tgz. Extracting by manifest.
2143 silly tarball no local data for strip-ansi@https://registry.npmjs.org/strip-ansi/-/strip-ansi-7.1.2.tgz. Extracting by manifest.
2144 silly tarball no local data for string-width@https://registry.npmjs.org/string-width/-/string-width-7.2.0.tgz. Extracting by manifest.
2145 silly tarball no local data for stdin-discarder@https://registry.npmjs.org/stdin-discarder/-/stdin-discarder-0.2.2.tgz. Extracting by manifest.
2146 silly tarball no local data for log-symbols@https://registry.npmjs.org/log-symbols/-/log-symbols-6.0.0.tgz. Extracting by manifest.
2147 silly tarball no local data for is-interactive@https://registry.npmjs.org/is-interactive/-/is-interactive-2.0.0.tgz. Extracting by manifest.
2148 silly tarball no local data for cli-spinners@https://registry.npmjs.org/cli-spinners/-/cli-spinners-2.9.2.tgz. Extracting by manifest.
2149 silly tarball no local data for cli-cursor@https://registry.npmjs.org/cli-cursor/-/cli-cursor-5.0.0.tgz. Extracting by manifest.
2150 silly tarball no local data for chalk@https://registry.npmjs.org/chalk/-/chalk-5.6.2.tgz. Extracting by manifest.
2151 silly tarball no local data for wrappy@https://registry.npmjs.org/wrappy/-/wrappy-1.0.2.tgz. Extracting by manifest.
2152 silly tarball no local data for ee-first@https://registry.npmjs.org/ee-first/-/ee-first-1.1.1.tgz. Extracting by manifest.
2153 silly tarball no local data for unicorn-magic@https://registry.npmjs.org/unicorn-magic/-/unicorn-magic-0.3.0.tgz. Extracting by manifest.
2154 silly tarball no local data for web-streams-polyfill@https://registry.npmjs.org/web-streams-polyfill/-/web-streams-polyfill-3.3.3.tgz. Extracting by manifest.
2155 silly tarball no local data for node-domexception@https://registry.npmjs.org/node-domexception/-/node-domexception-1.0.0.tgz. Extracting by manifest.
2156 silly tarball no local data for formdata-polyfill@https://registry.npmjs.org/formdata-polyfill/-/formdata-polyfill-4.0.10.tgz. Extracting by manifest.
2157 silly tarball no local data for fetch-blob@https://registry.npmjs.org/fetch-blob/-/fetch-blob-3.2.0.tgz. Extracting by manifest.
2158 silly tarball no local data for data-uri-to-buffer@https://registry.npmjs.org/data-uri-to-buffer/-/data-uri-to-buffer-4.0.1.tgz. Extracting by manifest.
2159 silly tarball no local data for @open-draft/until@https://registry.npmjs.org/@open-draft/until/-/until-2.1.0.tgz. Extracting by manifest.
2160 silly tarball no local data for @open-draft/logger@https://registry.npmjs.org/@open-draft/logger/-/logger-0.3.0.tgz. Extracting by manifest.
2161 silly tarball no local data for yoctocolors-cjs@https://registry.npmjs.org/yoctocolors-cjs/-/yoctocolors-cjs-2.1.3.tgz. Extracting by manifest.
2162 silly tarball no local data for wrap-ansi@https://registry.npmjs.org/wrap-ansi/-/wrap-ansi-6.2.0.tgz. Extracting by manifest.
2163 silly tarball no local data for mute-stream@https://registry.npmjs.org/mute-stream/-/mute-stream-2.0.0.tgz. Extracting by manifest.
2164 silly tarball no local data for cli-width@https://registry.npmjs.org/cli-width/-/cli-width-4.1.0.tgz. Extracting by manifest.
2165 silly tarball no local data for @inquirer/figures@https://registry.npmjs.org/@inquirer/figures/-/figures-1.0.15.tgz. Extracting by manifest.
2166 silly tarball no local data for @inquirer/ansi@https://registry.npmjs.org/@inquirer/ansi/-/ansi-1.0.2.tgz. Extracting by manifest.
2167 silly tarball no local data for @inquirer/type@https://registry.npmjs.org/@inquirer/type/-/type-3.0.10.tgz. Extracting by manifest.
2168 silly tarball no local data for merge-stream@https://registry.npmjs.org/merge-stream/-/merge-stream-2.0.0.tgz. Extracting by manifest.
2169 silly tarball no local data for @inquirer/core@https://registry.npmjs.org/@inquirer/core/-/core-10.3.2.tgz. Extracting by manifest.
2170 silly tarball no local data for mimic-fn@https://registry.npmjs.org/mimic-fn/-/mimic-fn-2.1.0.tgz. Extracting by manifest.
2171 silly tarball no local data for yargs-parser@https://registry.npmjs.org/yargs-parser/-/yargs-parser-21.1.1.tgz. Extracting by manifest.
2172 silly tarball no local data for yargs@https://registry.npmjs.org/yargs/-/yargs-17.7.2.tgz. Extracting by manifest.
2173 silly tarball no local data for until-async@https://registry.npmjs.org/until-async/-/until-async-3.0.2.tgz. Extracting by manifest.
2174 silly tarball no local data for type-fest@https://registry.npmjs.org/type-fest/-/type-fest-5.3.0.tgz. Extracting by manifest.
2175 silly tarball no local data for tough-cookie@https://registry.npmjs.org/tough-cookie/-/tough-cookie-6.0.0.tgz. Extracting by manifest.
2176 silly tarball no local data for strict-event-emitter@https://registry.npmjs.org/strict-event-emitter/-/strict-event-emitter-0.5.1.tgz. Extracting by manifest.
2177 silly tarball no local data for rettime@https://registry.npmjs.org/rettime/-/rettime-0.7.0.tgz. Extracting by manifest.
2178 silly tarball no local data for path-to-regexp@https://registry.npmjs.org/path-to-regexp/-/path-to-regexp-6.3.0.tgz. Extracting by manifest.
2179 silly tarball no local data for outvariant@https://registry.npmjs.org/outvariant/-/outvariant-1.4.3.tgz. Extracting by manifest.
2180 silly tarball no local data for is-node-process@https://registry.npmjs.org/is-node-process/-/is-node-process-1.2.0.tgz. Extracting by manifest.
2181 silly tarball no local data for headers-polyfill@https://registry.npmjs.org/headers-polyfill/-/headers-polyfill-4.0.3.tgz. Extracting by manifest.
2182 silly tarball no local data for graphql@https://registry.npmjs.org/graphql/-/graphql-16.12.0.tgz. Extracting by manifest.
2183 silly tarball no local data for @types/statuses@https://registry.npmjs.org/@types/statuses/-/statuses-2.0.6.tgz. Extracting by manifest.
2184 silly tarball no local data for @open-draft/deferred-promise@https://registry.npmjs.org/@open-draft/deferred-promise/-/deferred-promise-2.2.0.tgz. Extracting by manifest.
2185 silly tarball no local data for @mswjs/interceptors@https://registry.npmjs.org/@mswjs/interceptors/-/interceptors-0.40.0.tgz. Extracting by manifest.
2186 silly tarball no local data for @inquirer/confirm@https://registry.npmjs.org/@inquirer/confirm/-/confirm-5.1.21.tgz. Extracting by manifest.
2187 silly tarball no local data for mime-db@https://registry.npmjs.org/mime-db/-/mime-db-1.54.0.tgz. Extracting by manifest.
2188 silly tarball no local data for to-regex-range@https://registry.npmjs.org/to-regex-range/-/to-regex-range-5.0.1.tgz. Extracting by manifest.
2189 silly tarball no local data for fill-range@https://registry.npmjs.org/fill-range/-/fill-range-7.1.1.tgz. Extracting by manifest.
2190 silly tarball no local data for braces@https://registry.npmjs.org/braces/-/braces-3.0.3.tgz. Extracting by manifest.
2191 silly tarball no local data for yallist@https://registry.npmjs.org/yallist/-/yallist-3.1.1.tgz. Extracting by manifest.
2192 silly tarball no local data for argparse@https://registry.npmjs.org/argparse/-/argparse-2.0.1.tgz. Extracting by manifest.
2193 silly tarball no local data for is-extglob@https://registry.npmjs.org/is-extglob/-/is-extglob-2.1.1.tgz. Extracting by manifest.
2194 silly tarball no local data for resolve-from@https://registry.npmjs.org/resolve-from/-/resolve-from-4.0.0.tgz. Extracting by manifest.
2195 silly tarball no local data for parent-module@https://registry.npmjs.org/parent-module/-/parent-module-1.0.1.tgz. Extracting by manifest.
2196 silly tarball no local data for safer-buffer@https://registry.npmjs.org/safer-buffer/-/safer-buffer-2.1.2.tgz. Extracting by manifest.
2197 silly tarball no local data for agent-base@https://registry.npmjs.org/agent-base/-/agent-base-7.1.4.tgz. Extracting by manifest.
2198 silly tarball no local data for toidentifier@https://registry.npmjs.org/toidentifier/-/toidentifier-1.0.1.tgz. Extracting by manifest.
2199 silly tarball no local data for setprototypeof@https://registry.npmjs.org/setprototypeof/-/setprototypeof-1.2.0.tgz. Extracting by manifest.
2200 silly tarball no local data for inherits@https://registry.npmjs.org/inherits/-/inherits-2.0.4.tgz. Extracting by manifest.
2201 silly tarball no local data for is-glob@https://registry.npmjs.org/is-glob/-/is-glob-4.0.3.tgz. Extracting by manifest.
2202 silly tarball no local data for @sec-ant/readable-stream@https://registry.npmjs.org/@sec-ant/readable-stream/-/readable-stream-0.4.1.tgz. Extracting by manifest.
2203 silly tarball no local data for universalify@https://registry.npmjs.org/universalify/-/universalify-2.0.1.tgz. Extracting by manifest.
2204 silly tarball no local data for jsonfile@https://registry.npmjs.org/jsonfile/-/jsonfile-6.2.0.tgz. Extracting by manifest.
2205 silly tarball no local data for graceful-fs@https://registry.npmjs.org/graceful-fs/-/graceful-fs-4.2.11.tgz. Extracting by manifest.
2206 silly tarball no local data for is-unicode-supported@https://registry.npmjs.org/is-unicode-supported/-/is-unicode-supported-2.1.0.tgz. Extracting by manifest.
2207 silly tarball no local data for reusify@https://registry.npmjs.org/reusify/-/reusify-1.1.0.tgz. Extracting by manifest.
2208 silly tarball no local data for run-parallel@https://registry.npmjs.org/run-parallel/-/run-parallel-1.2.0.tgz. Extracting by manifest.
2209 silly tarball no local data for fastq@https://registry.npmjs.org/fastq/-/fastq-1.19.1.tgz. Extracting by manifest.
2210 silly tarball no local data for @nodelib/fs.scandir@https://registry.npmjs.org/@nodelib/fs.scandir/-/fs.scandir-2.1.5.tgz. Extracting by manifest.
2211 silly tarball no local data for micromatch@https://registry.npmjs.org/micromatch/-/micromatch-4.0.8.tgz. Extracting by manifest.
2212 silly tarball no local data for merge2@https://registry.npmjs.org/merge2/-/merge2-1.4.1.tgz. Extracting by manifest.
2213 silly tarball no local data for glob-parent@https://registry.npmjs.org/glob-parent/-/glob-parent-5.1.2.tgz. Extracting by manifest.
2214 silly tarball no local data for @nodelib/fs.walk@https://registry.npmjs.org/@nodelib/fs.walk/-/fs.walk-1.2.8.tgz. Extracting by manifest.
2215 silly tarball no local data for @nodelib/fs.stat@https://registry.npmjs.org/@nodelib/fs.stat/-/fs.stat-2.0.5.tgz. Extracting by manifest.
2216 silly tarball no local data for iconv-lite@https://registry.npmjs.org/iconv-lite/-/iconv-lite-0.7.0.tgz. Extracting by manifest.
2217 silly tarball no local data for bytes@https://registry.npmjs.org/bytes/-/bytes-3.1.2.tgz. Extracting by manifest.
2218 silly tarball no local data for negotiator@https://registry.npmjs.org/negotiator/-/negotiator-1.0.0.tgz. Extracting by manifest.
2219 silly tarball no local data for type-is@https://registry.npmjs.org/type-is/-/type-is-2.0.1.tgz. Extracting by manifest.
2220 silly tarball no local data for statuses@https://registry.npmjs.org/statuses/-/statuses-2.0.2.tgz. Extracting by manifest.
2221 silly tarball no local data for send@https://registry.npmjs.org/send/-/send-1.2.0.tgz. Extracting by manifest.
2222 silly tarball no local data for router@https://registry.npmjs.org/router/-/router-2.2.0.tgz. Extracting by manifest.
2223 silly tarball no local data for range-parser@https://registry.npmjs.org/range-parser/-/range-parser-1.2.1.tgz. Extracting by manifest.
2224 silly tarball no local data for serve-static@https://registry.npmjs.org/serve-static/-/serve-static-2.2.0.tgz. Extracting by manifest.
2225 silly tarball no local data for qs@https://registry.npmjs.org/qs/-/qs-6.14.0.tgz. Extracting by manifest.
2226 silly tarball no local data for proxy-addr@https://registry.npmjs.org/proxy-addr/-/proxy-addr-2.0.7.tgz. Extracting by manifest.
2227 silly tarball no local data for parseurl@https://registry.npmjs.org/parseurl/-/parseurl-1.3.3.tgz. Extracting by manifest.
2228 silly tarball no local data for once@https://registry.npmjs.org/once/-/once-1.4.0.tgz. Extracting by manifest.
2229 silly tarball no local data for on-finished@https://registry.npmjs.org/on-finished/-/on-finished-2.4.1.tgz. Extracting by manifest.
2230 silly tarball no local data for mime-types@https://registry.npmjs.org/mime-types/-/mime-types-3.0.2.tgz. Extracting by manifest.
2231 silly tarball no local data for merge-descriptors@https://registry.npmjs.org/merge-descriptors/-/merge-descriptors-2.0.0.tgz. Extracting by manifest.
2232 silly tarball no local data for http-errors@https://registry.npmjs.org/http-errors/-/http-errors-2.0.1.tgz. Extracting by manifest.
2233 silly tarball no local data for fresh@https://registry.npmjs.org/fresh/-/fresh-2.0.0.tgz. Extracting by manifest.
2234 silly tarball no local data for finalhandler@https://registry.npmjs.org/finalhandler/-/finalhandler-2.1.1.tgz. Extracting by manifest.
2235 silly tarball no local data for etag@https://registry.npmjs.org/etag/-/etag-1.8.1.tgz. Extracting by manifest.
2236 silly tarball no local data for escape-html@https://registry.npmjs.org/escape-html/-/escape-html-1.0.3.tgz. Extracting by manifest.
2237 silly tarball no local data for encodeurl@https://registry.npmjs.org/encodeurl/-/encodeurl-2.0.0.tgz. Extracting by manifest.
2238 silly tarball no local data for depd@https://registry.npmjs.org/depd/-/depd-2.0.0.tgz. Extracting by manifest.
2239 silly tarball no local data for cookie-signature@https://registry.npmjs.org/cookie-signature/-/cookie-signature-1.2.2.tgz. Extracting by manifest.
2240 silly tarball no local data for cookie@https://registry.npmjs.org/cookie/-/cookie-0.7.2.tgz. Extracting by manifest.
2241 silly tarball no local data for content-disposition@https://registry.npmjs.org/content-disposition/-/content-disposition-1.0.1.tgz. Extracting by manifest.
2242 silly tarball no local data for body-parser@https://registry.npmjs.org/body-parser/-/body-parser-2.2.1.tgz. Extracting by manifest.
2243 silly tarball no local data for accepts@https://registry.npmjs.org/accepts/-/accepts-2.0.0.tgz. Extracting by manifest.
2244 silly tarball no local data for yoctocolors@https://registry.npmjs.org/yoctocolors/-/yoctocolors-2.1.2.tgz. Extracting by manifest.
2245 silly tarball no local data for strip-final-newline@https://registry.npmjs.org/strip-final-newline/-/strip-final-newline-4.0.0.tgz. Extracting by manifest.
2246 silly tarball no local data for signal-exit@https://registry.npmjs.org/signal-exit/-/signal-exit-4.1.0.tgz. Extracting by manifest.
2247 silly tarball no local data for pretty-ms@https://registry.npmjs.org/pretty-ms/-/pretty-ms-9.3.0.tgz. Extracting by manifest.
2248 silly tarball no local data for npm-run-path@https://registry.npmjs.org/npm-run-path/-/npm-run-path-6.0.0.tgz. Extracting by manifest.
2249 silly tarball no local data for is-stream@https://registry.npmjs.org/is-stream/-/is-stream-4.0.1.tgz. Extracting by manifest.
2250 silly tarball no local data for is-plain-obj@https://registry.npmjs.org/is-plain-obj/-/is-plain-obj-4.1.0.tgz. Extracting by manifest.
2251 silly tarball no local data for human-signals@https://registry.npmjs.org/human-signals/-/human-signals-8.0.1.tgz. Extracting by manifest.
2252 silly tarball no local data for get-stream@https://registry.npmjs.org/get-stream/-/get-stream-9.0.1.tgz. Extracting by manifest.
2253 silly tarball no local data for figures@https://registry.npmjs.org/figures/-/figures-6.1.0.tgz. Extracting by manifest.
2254 silly tarball no local data for @sindresorhus/merge-streams@https://registry.npmjs.org/@sindresorhus/merge-streams/-/merge-streams-4.0.0.tgz. Extracting by manifest.
2255 silly tarball no local data for @noble/hashes@https://registry.npmjs.org/@noble/hashes/-/hashes-1.8.0.tgz. Extracting by manifest.
2256 silly tarball no local data for @noble/curves@https://registry.npmjs.org/@noble/curves/-/curves-1.9.7.tgz. Extracting by manifest.
2257 silly tarball no local data for @noble/ciphers@https://registry.npmjs.org/@noble/ciphers/-/ciphers-1.3.0.tgz. Extracting by manifest.
2258 silly tarball no local data for @ecies/ciphers@https://registry.npmjs.org/@ecies/ciphers/-/ciphers-0.2.5.tgz. Extracting by manifest.
2259 silly tarball no local data for ms@https://registry.npmjs.org/ms/-/ms-2.1.3.tgz. Extracting by manifest.
2260 silly tarball no local data for shebang-command@https://registry.npmjs.org/shebang-command/-/shebang-command-2.0.0.tgz. Extracting by manifest.
2261 silly tarball no local data for path-key@https://registry.npmjs.org/path-key/-/path-key-3.1.1.tgz. Extracting by manifest.
2262 silly tarball no local data for parse-json@https://registry.npmjs.org/parse-json/-/parse-json-5.2.0.tgz. Extracting by manifest.
2263 silly tarball no local data for js-yaml@https://registry.npmjs.org/js-yaml/-/js-yaml-4.1.1.tgz. Extracting by manifest.
2264 silly tarball no local data for import-fresh@https://registry.npmjs.org/import-fresh/-/import-fresh-3.3.1.tgz. Extracting by manifest.
2265 silly tarball no local data for env-paths@https://registry.npmjs.org/env-paths/-/env-paths-2.2.1.tgz. Extracting by manifest.
2266 silly tarball no local data for vary@https://registry.npmjs.org/vary/-/vary-1.1.2.tgz. Extracting by manifest.
2267 silly tarball no local data for object-assign@https://registry.npmjs.org/object-assign/-/object-assign-4.1.1.tgz. Extracting by manifest.
2268 silly tarball no local data for update-browserslist-db@https://registry.npmjs.org/update-browserslist-db/-/update-browserslist-db-1.2.2.tgz. Extracting by manifest.
2269 silly tarball no local data for node-releases@https://registry.npmjs.org/node-releases/-/node-releases-2.0.27.tgz. Extracting by manifest.
2270 silly tarball no local data for electron-to-chromium@https://registry.npmjs.org/electron-to-chromium/-/electron-to-chromium-1.5.264.tgz. Extracting by manifest.
2271 silly tarball no local data for caniuse-lite@https://registry.npmjs.org/caniuse-lite/-/caniuse-lite-1.0.30001759.tgz. Extracting by manifest.
2272 silly tarball no local data for baseline-browser-mapping@https://registry.npmjs.org/baseline-browser-mapping/-/baseline-browser-mapping-2.9.2.tgz. Extracting by manifest.
2273 silly tarball no local data for require-from-string@https://registry.npmjs.org/require-from-string/-/require-from-string-2.0.2.tgz. Extracting by manifest.
2274 silly tarball no local data for json-schema-traverse@https://registry.npmjs.org/json-schema-traverse/-/json-schema-traverse-1.0.0.tgz. Extracting by manifest.
2275 silly tarball no local data for fast-uri@https://registry.npmjs.org/fast-uri/-/fast-uri-3.1.0.tgz. Extracting by manifest.
2276 silly tarball no local data for fast-deep-equal@https://registry.npmjs.org/fast-deep-equal/-/fast-deep-equal-3.1.3.tgz. Extracting by manifest.
2277 silly tarball no local data for raw-body@https://registry.npmjs.org/raw-body/-/raw-body-3.0.2.tgz. Extracting by manifest.
2278 silly tarball no local data for pkce-challenge@https://registry.npmjs.org/pkce-challenge/-/pkce-challenge-5.0.1.tgz. Extracting by manifest.
2279 silly tarball no local data for jose@https://registry.npmjs.org/jose/-/jose-6.1.3.tgz. Extracting by manifest.
2280 silly tarball no local data for express-rate-limit@https://registry.npmjs.org/express-rate-limit/-/express-rate-limit-7.5.1.tgz. Extracting by manifest.
2281 silly tarball no local data for express@https://registry.npmjs.org/express/-/express-5.2.1.tgz. Extracting by manifest.
2282 silly tarball no local data for eventsource-parser@https://registry.npmjs.org/eventsource-parser/-/eventsource-parser-3.0.6.tgz. Extracting by manifest.
2283 silly tarball no local data for eventsource@https://registry.npmjs.org/eventsource/-/eventsource-3.0.7.tgz. Extracting by manifest.
2284 silly tarball no local data for cross-spawn@https://registry.npmjs.org/cross-spawn/-/cross-spawn-7.0.6.tgz. Extracting by manifest.
2285 silly tarball no local data for cors@https://registry.npmjs.org/cors/-/cors-2.8.5.tgz. Extracting by manifest.
2286 silly tarball no local data for content-type@https://registry.npmjs.org/content-type/-/content-type-1.0.5.tgz. Extracting by manifest.
2287 silly tarball no local data for ajv-formats@https://registry.npmjs.org/ajv-formats/-/ajv-formats-3.0.1.tgz. Extracting by manifest.
2288 silly tarball no local data for ajv@https://registry.npmjs.org/ajv/-/ajv-8.17.1.tgz. Extracting by manifest.
2289 silly tarball no local data for @jridgewell/resolve-uri@https://registry.npmjs.org/@jridgewell/resolve-uri/-/resolve-uri-3.1.2.tgz. Extracting by manifest.
2290 silly tarball no local data for @jridgewell/sourcemap-codec@https://registry.npmjs.org/@jridgewell/sourcemap-codec/-/sourcemap-codec-1.5.5.tgz. Extracting by manifest.
2291 silly tarball no local data for which@https://registry.npmjs.org/which/-/which-4.0.0.tgz. Extracting by manifest.
2292 silly tarball no local data for picomatch@https://registry.npmjs.org/picomatch/-/picomatch-4.0.3.tgz. Extracting by manifest.
2293 silly tarball no local data for object-treeify@https://registry.npmjs.org/object-treeify/-/object-treeify-1.1.33.tgz. Extracting by manifest.
2294 silly tarball no local data for ignore@https://registry.npmjs.org/ignore/-/ignore-5.3.2.tgz. Extracting by manifest.
2295 silly tarball no local data for fdir@https://registry.npmjs.org/fdir/-/fdir-6.5.0.tgz. Extracting by manifest.
2296 silly tarball no local data for eciesjs@https://registry.npmjs.org/eciesjs/-/eciesjs-0.4.16.tgz. Extracting by manifest.
2297 silly tarball no local data for dotenv@https://registry.npmjs.org/dotenv/-/dotenv-17.2.3.tgz. Extracting by manifest.
2298 silly tarball no local data for @babel/helper-string-parser@https://registry.npmjs.org/@babel/helper-string-parser/-/helper-string-parser-7.27.1.tgz. Extracting by manifest.
2299 silly tarball no local data for @babel/helper-globals@https://registry.npmjs.org/@babel/helper-globals/-/helper-globals-7.28.0.tgz. Extracting by manifest.
2300 silly tarball no local data for @babel/plugin-syntax-jsx@https://registry.npmjs.org/@babel/plugin-syntax-jsx/-/plugin-syntax-jsx-7.27.1.tgz. Extracting by manifest.
2301 silly tarball no local data for @babel/helper-replace-supers@https://registry.npmjs.org/@babel/helper-replace-supers/-/helper-replace-supers-7.27.1.tgz. Extracting by manifest.
2302 silly tarball no local data for @babel/helper-optimise-call-expression@https://registry.npmjs.org/@babel/helper-optimise-call-expression/-/helper-optimise-call-expression-7.27.1.tgz. Extracting by manifest.
2303 silly tarball no local data for @babel/helper-member-expression-to-functions@https://registry.npmjs.org/@babel/helper-member-expression-to-functions/-/helper-member-expression-to-functions-7.28.5.tgz. Extracting by manifest.
2304 silly tarball no local data for @babel/plugin-transform-modules-commonjs@https://registry.npmjs.org/@babel/plugin-transform-modules-commonjs/-/plugin-transform-modules-commonjs-7.27.1.tgz. Extracting by manifest.
2305 silly tarball no local data for @babel/plugin-syntax-typescript@https://registry.npmjs.org/@babel/plugin-syntax-typescript/-/plugin-syntax-typescript-7.27.1.tgz. Extracting by manifest.
2306 silly tarball no local data for @babel/helper-skip-transparent-expression-wrappers@https://registry.npmjs.org/@babel/helper-skip-transparent-expression-wrappers/-/helper-skip-transparent-expression-wrappers-7.27.1.tgz. Extracting by manifest.
2307 silly tarball no local data for @babel/helper-plugin-utils@https://registry.npmjs.org/@babel/helper-plugin-utils/-/helper-plugin-utils-7.27.1.tgz. Extracting by manifest.
2308 silly tarball no local data for @babel/helper-create-class-features-plugin@https://registry.npmjs.org/@babel/helper-create-class-features-plugin/-/helper-create-class-features-plugin-7.28.5.tgz. Extracting by manifest.
2309 silly tarball no local data for @babel/helper-annotate-as-pure@https://registry.npmjs.org/@babel/helper-annotate-as-pure/-/helper-annotate-as-pure-7.27.3.tgz. Extracting by manifest.
2310 silly tarball no local data for @babel/helper-module-imports@https://registry.npmjs.org/@babel/helper-module-imports/-/helper-module-imports-7.27.1.tgz. Extracting by manifest.
2311 silly tarball no local data for lru-cache@https://registry.npmjs.org/lru-cache/-/lru-cache-5.1.1.tgz. Extracting by manifest.
2312 silly tarball no local data for @babel/helper-validator-option@https://registry.npmjs.org/@babel/helper-validator-option/-/helper-validator-option-7.27.1.tgz. Extracting by manifest.
2313 silly tarball no local data for @babel/compat-data@https://registry.npmjs.org/@babel/compat-data/-/compat-data-7.28.5.tgz. Extracting by manifest.
2314 silly tarball no local data for jsesc@https://registry.npmjs.org/jsesc/-/jsesc-3.1.0.tgz. Extracting by manifest.
2315 silly tarball no local data for @jridgewell/trace-mapping@https://registry.npmjs.org/@jridgewell/trace-mapping/-/trace-mapping-0.3.31.tgz. Extracting by manifest.
2316 silly tarball no local data for @jridgewell/gen-mapping@https://registry.npmjs.org/@jridgewell/gen-mapping/-/gen-mapping-0.3.13.tgz. Extracting by manifest.
2317 silly tarball no local data for picocolors@https://registry.npmjs.org/picocolors/-/picocolors-1.1.1.tgz. Extracting by manifest.
2318 silly tarball no local data for js-tokens@https://registry.npmjs.org/js-tokens/-/js-tokens-4.0.0.tgz. Extracting by manifest.
2319 silly tarball no local data for @babel/helper-validator-identifier@https://registry.npmjs.org/@babel/helper-validator-identifier/-/helper-validator-identifier-7.28.5.tgz. Extracting by manifest.
2320 silly tarball no local data for semver@https://registry.npmjs.org/semver/-/semver-6.3.1.tgz. Extracting by manifest.
2321 silly tarball no local data for json5@https://registry.npmjs.org/json5/-/json5-2.2.3.tgz. Extracting by manifest.
2322 silly tarball no local data for gensync@https://registry.npmjs.org/gensync/-/gensync-1.0.0-beta.2.tgz. Extracting by manifest.
2323 silly tarball no local data for debug@https://registry.npmjs.org/debug/-/debug-4.4.3.tgz. Extracting by manifest.
2324 silly tarball no local data for convert-source-map@https://registry.npmjs.org/convert-source-map/-/convert-source-map-2.0.0.tgz. Extracting by manifest.
2325 silly tarball no local data for @jridgewell/remapping@https://registry.npmjs.org/@jridgewell/remapping/-/remapping-2.3.5.tgz. Extracting by manifest.
2326 silly tarball no local data for @babel/types@https://registry.npmjs.org/@babel/types/-/types-7.28.5.tgz. Extracting by manifest.
2327 silly tarball no local data for @babel/template@https://registry.npmjs.org/@babel/template/-/template-7.27.2.tgz. Extracting by manifest.
2328 silly tarball no local data for @babel/helpers@https://registry.npmjs.org/@babel/helpers/-/helpers-7.28.4.tgz. Extracting by manifest.
2329 silly tarball no local data for @babel/traverse@https://registry.npmjs.org/@babel/traverse/-/traverse-7.28.5.tgz. Extracting by manifest.
2330 silly tarball no local data for @babel/helper-module-transforms@https://registry.npmjs.org/@babel/helper-module-transforms/-/helper-module-transforms-7.28.3.tgz. Extracting by manifest.
2331 silly tarball no local data for @babel/helper-compilation-targets@https://registry.npmjs.org/@babel/helper-compilation-targets/-/helper-compilation-targets-7.27.2.tgz. Extracting by manifest.
2332 silly tarball no local data for @babel/generator@https://registry.npmjs.org/@babel/generator/-/generator-7.28.5.tgz. Extracting by manifest.
2333 silly tarball no local data for @babel/code-frame@https://registry.npmjs.org/@babel/code-frame/-/code-frame-7.27.1.tgz. Extracting by manifest.
2334 silly tarball no local data for tinyexec@https://registry.npmjs.org/tinyexec/-/tinyexec-1.0.2.tgz. Extracting by manifest.
2335 silly tarball no local data for package-manager-detector@https://registry.npmjs.org/package-manager-detector/-/package-manager-detector-1.6.0.tgz. Extracting by manifest.
2336 silly tarball no local data for fzf@https://registry.npmjs.org/fzf/-/fzf-0.5.2.tgz. Extracting by manifest.
2337 silly tarball no local data for ansis@https://registry.npmjs.org/ansis/-/ansis-4.2.0.tgz. Extracting by manifest.
2338 silly tarball no local data for zod-to-json-schema@https://registry.npmjs.org/zod-to-json-schema/-/zod-to-json-schema-3.25.0.tgz. Extracting by manifest.
2339 silly tarball no local data for zod@https://registry.npmjs.org/zod/-/zod-3.25.76.tgz. Extracting by manifest.
2340 silly tarball no local data for tsconfig-paths@https://registry.npmjs.org/tsconfig-paths/-/tsconfig-paths-4.2.0.tgz. Extracting by manifest.
2341 silly tarball no local data for ts-morph@https://registry.npmjs.org/ts-morph/-/ts-morph-26.0.0.tgz. Extracting by manifest.
2342 silly tarball no local data for stringify-object@https://registry.npmjs.org/stringify-object/-/stringify-object-5.0.0.tgz. Extracting by manifest.
2343 silly tarball no local data for recast@https://registry.npmjs.org/recast/-/recast-0.23.11.tgz. Extracting by manifest.
2344 silly tarball no local data for prompts@https://registry.npmjs.org/prompts/-/prompts-2.4.2.tgz. Extracting by manifest.
2345 silly tarball no local data for postcss@https://registry.npmjs.org/postcss/-/postcss-8.5.6.tgz. Extracting by manifest.
2346 silly tarball no local data for ora@https://registry.npmjs.org/ora/-/ora-8.2.0.tgz. Extracting by manifest.
2347 silly tarball no local data for node-fetch@https://registry.npmjs.org/node-fetch/-/node-fetch-3.3.2.tgz. Extracting by manifest.
2348 silly tarball no local data for msw@https://registry.npmjs.org/msw/-/msw-2.12.4.tgz. Extracting by manifest.
2349 silly tarball no local data for kleur@https://registry.npmjs.org/kleur/-/kleur-4.1.5.tgz. Extracting by manifest.
2350 silly tarball no local data for https-proxy-agent@https://registry.npmjs.org/https-proxy-agent/-/https-proxy-agent-7.0.6.tgz. Extracting by manifest.
2351 silly tarball no local data for fuzzysort@https://registry.npmjs.org/fuzzysort/-/fuzzysort-3.1.0.tgz. Extracting by manifest.
2352 silly tarball no local data for fs-extra@https://registry.npmjs.org/fs-extra/-/fs-extra-11.3.2.tgz. Extracting by manifest.
2353 silly tarball no local data for fast-glob@https://registry.npmjs.org/fast-glob/-/fast-glob-3.3.3.tgz. Extracting by manifest.
2354 silly tarball no local data for execa@https://registry.npmjs.org/execa/-/execa-9.6.1.tgz. Extracting by manifest.
2355 silly tarball no local data for diff@https://registry.npmjs.org/diff/-/diff-8.0.2.tgz. Extracting by manifest.
2356 silly tarball no local data for deepmerge@https://registry.npmjs.org/deepmerge/-/deepmerge-4.3.1.tgz. Extracting by manifest.
2357 silly tarball no local data for dedent@https://registry.npmjs.org/dedent/-/dedent-1.7.0.tgz. Extracting by manifest.
2358 silly tarball no local data for cosmiconfig@https://registry.npmjs.org/cosmiconfig/-/cosmiconfig-9.0.0.tgz. Extracting by manifest.
2359 silly tarball no local data for browserslist@https://registry.npmjs.org/browserslist/-/browserslist-4.28.1.tgz. Extracting by manifest.
2360 silly tarball no local data for @modelcontextprotocol/sdk@https://registry.npmjs.org/@modelcontextprotocol/sdk/-/sdk-1.24.3.tgz. Extracting by manifest.
2361 silly tarball no local data for commander@https://registry.npmjs.org/commander/-/commander-14.0.2.tgz. Extracting by manifest.
2362 silly tarball no local data for @dotenvx/dotenvx@https://registry.npmjs.org/@dotenvx/dotenvx/-/dotenvx-1.51.1.tgz. Extracting by manifest.
2363 silly tarball no local data for @babel/preset-typescript@https://registry.npmjs.org/@babel/preset-typescript/-/preset-typescript-7.28.5.tgz. Extracting by manifest.
2364 silly tarball no local data for @babel/plugin-transform-typescript@https://registry.npmjs.org/@babel/plugin-transform-typescript/-/plugin-transform-typescript-7.28.5.tgz. Extracting by manifest.
2365 silly tarball no local data for @babel/parser@https://registry.npmjs.org/@babel/parser/-/parser-7.28.5.tgz. Extracting by manifest.
2366 silly tarball no local data for @babel/core@https://registry.npmjs.org/@babel/core/-/core-7.28.5.tgz. Extracting by manifest.
2367 silly tarball no local data for @antfu/ni@https://registry.npmjs.org/@antfu/ni/-/ni-25.0.0.tgz. Extracting by manifest.
2368 silly tarball no local data for shadcn@https://registry.npmjs.org/shadcn/-/shadcn-3.5.1.tgz. Extracting by manifest.
2369 http fetch POST 200 https://registry.npmjs.org/-/npm/v1/security/advisories/bulk 312ms
2370 silly audit report {}
2371 silly tarball no local data for ansi-regex@https://registry.npmjs.org/ansi-regex/-/ansi-regex-5.0.1.tgz. Extracting by manifest.
2372 silly tarball no local data for emoji-regex@https://registry.npmjs.org/emoji-regex/-/emoji-regex-8.0.0.tgz. Extracting by manifest.
2373 silly tarball no local data for wrap-ansi@https://registry.npmjs.org/wrap-ansi/-/wrap-ansi-7.0.0.tgz. Extracting by manifest.
2374 silly tarball no local data for strip-ansi@https://registry.npmjs.org/strip-ansi/-/strip-ansi-6.0.1.tgz. Extracting by manifest.
2375 silly tarball no local data for string-width@https://registry.npmjs.org/string-width/-/string-width-4.2.3.tgz. Extracting by manifest.
2376 silly tarball no local data for is-unicode-supported@https://registry.npmjs.org/is-unicode-supported/-/is-unicode-supported-1.3.0.tgz. Extracting by manifest.
2377 silly tarball no local data for ansi-regex@https://registry.npmjs.org/ansi-regex/-/ansi-regex-5.0.1.tgz. Extracting by manifest.
2378 silly tarball no local data for emoji-regex@https://registry.npmjs.org/emoji-regex/-/emoji-regex-8.0.0.tgz. Extracting by manifest.
2379 silly tarball no local data for strip-ansi@https://registry.npmjs.org/strip-ansi/-/strip-ansi-6.0.1.tgz. Extracting by manifest.
2380 silly tarball no local data for string-width@https://registry.npmjs.org/string-width/-/string-width-4.2.3.tgz. Extracting by manifest.
2381 silly tarball no local data for ansi-regex@https://registry.npmjs.org/ansi-regex/-/ansi-regex-5.0.1.tgz. Extracting by manifest.
2382 silly tarball no local data for strip-ansi@https://registry.npmjs.org/strip-ansi/-/strip-ansi-6.0.1.tgz. Extracting by manifest.
2383 silly tarball no local data for string-width@https://registry.npmjs.org/string-width/-/string-width-4.2.3.tgz. Extracting by manifest.
2384 silly tarball no local data for emoji-regex@https://registry.npmjs.org/emoji-regex/-/emoji-regex-8.0.0.tgz. Extracting by manifest.
2385 silly tarball no local data for picomatch@https://registry.npmjs.org/picomatch/-/picomatch-2.3.1.tgz. Extracting by manifest.
2386 silly tarball no local data for path-to-regexp@https://registry.npmjs.org/path-to-regexp/-/path-to-regexp-8.3.0.tgz. Extracting by manifest.
2387 silly tarball no local data for path-key@https://registry.npmjs.org/path-key/-/path-key-4.0.0.tgz. Extracting by manifest.
2388 silly tarball no local data for isexe@https://registry.npmjs.org/isexe/-/isexe-2.0.0.tgz. Extracting by manifest.
2389 silly tarball no local data for which@https://registry.npmjs.org/which/-/which-2.0.2.tgz. Extracting by manifest.
2390 silly tarball no local data for kleur@https://registry.npmjs.org/kleur/-/kleur-3.0.3.tgz. Extracting by manifest.
2391 silly tarball no local data for cookie@https://registry.npmjs.org/cookie/-/cookie-1.1.1.tgz. Extracting by manifest.
2392 silly tarball no local data for strip-final-newline@https://registry.npmjs.org/strip-final-newline/-/strip-final-newline-2.0.0.tgz. Extracting by manifest.
2393 silly tarball no local data for signal-exit@https://registry.npmjs.org/signal-exit/-/signal-exit-3.0.7.tgz. Extracting by manifest.
2394 silly tarball no local data for onetime@https://registry.npmjs.org/onetime/-/onetime-5.1.2.tgz. Extracting by manifest.
2395 silly tarball no local data for npm-run-path@https://registry.npmjs.org/npm-run-path/-/npm-run-path-4.0.1.tgz. Extracting by manifest.
2396 silly tarball no local data for is-stream@https://registry.npmjs.org/is-stream/-/is-stream-2.0.1.tgz. Extracting by manifest.
2397 silly tarball no local data for human-signals@https://registry.npmjs.org/human-signals/-/human-signals-2.1.0.tgz. Extracting by manifest.
2398 silly tarball no local data for get-stream@https://registry.npmjs.org/get-stream/-/get-stream-6.0.1.tgz. Extracting by manifest.
2399 silly tarball no local data for execa@https://registry.npmjs.org/execa/-/execa-5.1.1.tgz. Extracting by manifest.
2400 silly tarball no local data for commander@https://registry.npmjs.org/commander/-/commander-11.1.0.tgz. Extracting by manifest.
2401 http fetch GET 200 https://registry.npmjs.org/is-fullwidth-code-point/-/is-fullwidth-code-point-3.0.0.tgz 593ms (cache miss)
2402 http fetch GET 200 https://registry.npmjs.org/require-directory/-/require-directory-2.1.1.tgz 643ms (cache miss)
2403 http fetch GET 200 https://registry.npmjs.org/@isaacs/brace-expansion/-/brace-expansion-5.0.0.tgz 725ms (cache miss)
2404 http fetch GET 200 https://registry.npmjs.org/path-browserify/-/path-browserify-1.0.1.tgz 773ms (cache miss)
2405 http fetch GET 200 https://registry.npmjs.org/y18n/-/y18n-5.0.8.tgz 999ms (cache miss)
2406 http fetch GET 200 https://registry.npmjs.org/tagged-tag/-/tagged-tag-1.0.0.tgz 1007ms (cache miss)
2407 http fetch GET 200 https://registry.npmjs.org/media-typer/-/media-typer-1.1.0.tgz 1145ms (cache miss)
2408 http fetch GET 200 https://registry.npmjs.org/get-caller-file/-/get-caller-file-2.0.5.tgz 1223ms (cache miss)
2409 http fetch GET 200 https://registry.npmjs.org/strip-bom/-/strip-bom-3.0.0.tgz 1256ms (cache miss)
2410 http fetch GET 200 https://registry.npmjs.org/is-number/-/is-number-7.0.0.tgz 1253ms (cache miss)
2411 http fetch GET 200 https://registry.npmjs.org/get-own-enumerable-keys/-/get-own-enumerable-keys-1.0.0.tgz 1253ms (cache miss)
2412 http fetch GET 200 https://registry.npmjs.org/es-object-atoms/-/es-object-atoms-1.1.1.tgz 1251ms (cache miss)
2413 http fetch GET 200 https://registry.npmjs.org/escalade/-/escalade-3.2.0.tgz 1305ms (cache miss)
2414 http fetch GET 200 https://registry.npmjs.org/is-regexp/-/is-regexp-3.1.0.tgz 1300ms (cache miss)
2415 http fetch GET 200 https://registry.npmjs.org/is-obj/-/is-obj-3.0.0.tgz 1299ms (cache miss)
2416 http fetch GET 200 https://registry.npmjs.org/call-bound/-/call-bound-1.0.4.tgz 1298ms (cache miss)
2417 http fetch GET 200 https://registry.npmjs.org/ansi-regex/-/ansi-regex-6.2.2.tgz 1336ms (cache miss)
2418 http fetch GET 200 https://registry.npmjs.org/is-promise/-/is-promise-4.0.0.tgz 1331ms (cache miss)
2419 http fetch GET 200 https://registry.npmjs.org/color-convert/-/color-convert-2.0.1.tgz 1378ms (cache miss)
2420 http fetch GET 200 https://registry.npmjs.org/cliui/-/cliui-8.0.1.tgz 1379ms (cache miss)
2421 http fetch GET 200 https://registry.npmjs.org/ansi-styles/-/ansi-styles-4.3.0.tgz 1379ms (cache miss)
2422 http fetch GET 200 https://registry.npmjs.org/color-name/-/color-name-1.1.4.tgz 1381ms (cache miss)
2423 http fetch GET 200 https://registry.npmjs.org/shebang-regex/-/shebang-regex-3.0.0.tgz 1370ms (cache miss)
2424 http fetch GET 200 https://registry.npmjs.org/get-east-asian-width/-/get-east-asian-width-1.4.0.tgz 1411ms (cache miss)
2425 http fetch GET 200 https://registry.npmjs.org/emoji-regex/-/emoji-regex-10.6.0.tgz 1456ms (cache miss)
2426 http fetch GET 200 https://registry.npmjs.org/onetime/-/onetime-7.0.0.tgz 1451ms (cache miss)
2427 http fetch GET 200 https://registry.npmjs.org/mimic-function/-/mimic-function-5.0.1.tgz 1452ms (cache miss)
2428 http fetch GET 200 https://registry.npmjs.org/es-define-property/-/es-define-property-1.0.1.tgz 1492ms (cache miss)
2429 http fetch GET 200 https://registry.npmjs.org/ipaddr.js/-/ipaddr.js-1.9.1.tgz 1486ms (cache miss)
2430 http fetch GET 200 https://registry.npmjs.org/parse-ms/-/parse-ms-4.0.0.tgz 1474ms (cache miss)
2431 http fetch GET 200 https://registry.npmjs.org/sisteransi/-/sisteransi-1.0.5.tgz 1486ms (cache miss)
2432 http fetch GET 200 https://registry.npmjs.org/callsites/-/callsites-3.1.0.tgz 1470ms (cache miss)
2433 http fetch GET 200 https://registry.npmjs.org/log-symbols/-/log-symbols-6.0.0.tgz 1468ms (cache miss)
2434 http fetch GET 200 https://registry.npmjs.org/restore-cursor/-/restore-cursor-5.1.0.tgz 1471ms (cache miss)
2435 http fetch GET 200 https://registry.npmjs.org/side-channel-weakmap/-/side-channel-weakmap-1.0.2.tgz 1531ms (cache miss)
2436 http fetch GET 200 https://registry.npmjs.org/side-channel-map/-/side-channel-map-1.0.1.tgz 1531ms (cache miss)
2437 http fetch GET 200 https://registry.npmjs.org/queue-microtask/-/queue-microtask-1.2.3.tgz 1531ms (cache miss)
2438 http fetch GET 200 https://registry.npmjs.org/unpipe/-/unpipe-1.0.0.tgz 1528ms (cache miss)
2439 http fetch GET 200 https://registry.npmjs.org/is-arrayish/-/is-arrayish-0.2.1.tgz 1512ms (cache miss)
2440 http fetch GET 200 https://registry.npmjs.org/lines-and-columns/-/lines-and-columns-1.2.4.tgz 1512ms (cache miss)
2441 http fetch GET 200 https://registry.npmjs.org/@isaacs/balanced-match/-/balanced-match-4.0.1.tgz 1586ms (cache miss)
2442 http fetch GET 200 https://registry.npmjs.org/hasown/-/hasown-2.0.2.tgz 1581ms (cache miss)
2443 http fetch GET 200 https://registry.npmjs.org/forwarded/-/forwarded-0.2.0.tgz 1574ms (cache miss)
2444 http fetch GET 200 https://registry.npmjs.org/error-ex/-/error-ex-1.3.4.tgz 1558ms (cache miss)
2445 http fetch GET 200 https://registry.npmjs.org/string-width/-/string-width-7.2.0.tgz 1556ms (cache miss)
2446 http fetch GET 200 https://registry.npmjs.org/cli-spinners/-/cli-spinners-2.9.2.tgz 1554ms (cache miss)
2447 http fetch GET 200 https://registry.npmjs.org/side-channel-list/-/side-channel-list-1.0.0.tgz 1618ms (cache miss)
2448 http fetch GET 200 https://registry.npmjs.org/strip-ansi/-/strip-ansi-7.1.2.tgz 1595ms (cache miss)
2449 http fetch GET 200 https://registry.npmjs.org/wrappy/-/wrappy-1.0.2.tgz 1593ms (cache miss)
2450 http fetch GET 200 https://registry.npmjs.org/unicorn-magic/-/unicorn-magic-0.3.0.tgz 1593ms (cache miss)
2451 http fetch GET 200 https://registry.npmjs.org/mute-stream/-/mute-stream-2.0.0.tgz 1589ms (cache miss)
2452 http fetch GET 200 https://registry.npmjs.org/stdin-discarder/-/stdin-discarder-0.2.2.tgz 1647ms (cache miss)
2453 http fetch GET 200 https://registry.npmjs.org/is-interactive/-/is-interactive-2.0.0.tgz 1646ms (cache miss)
2454 http fetch GET 200 https://registry.npmjs.org/until-async/-/until-async-3.0.2.tgz 1638ms (cache miss)
2455 http fetch GET 200 https://registry.npmjs.org/mimic-fn/-/mimic-fn-2.1.0.tgz 1639ms (cache miss)
2456 http fetch GET 200 https://registry.npmjs.org/gopd/-/gopd-1.2.0.tgz 1743ms (cache miss)
2457 http fetch GET 200 https://registry.npmjs.org/cli-cursor/-/cli-cursor-5.0.0.tgz 1716ms (cache miss)
2458 http fetch GET 200 https://registry.npmjs.org/ee-first/-/ee-first-1.1.1.tgz 1716ms (cache miss)
2459 http fetch GET 200 https://registry.npmjs.org/yoctocolors-cjs/-/yoctocolors-cjs-2.1.3.tgz 1714ms (cache miss)
2460 http fetch GET 200 https://registry.npmjs.org/wrap-ansi/-/wrap-ansi-6.2.0.tgz 1714ms (cache miss)
2461 http fetch GET 200 https://registry.npmjs.org/cli-width/-/cli-width-4.1.0.tgz 1713ms (cache miss)
2462 http fetch GET 200 https://registry.npmjs.org/@open-draft/logger/-/logger-0.3.0.tgz 1716ms (cache miss)
2463 http fetch GET 200 https://registry.npmjs.org/merge-stream/-/merge-stream-2.0.0.tgz 1714ms (cache miss)
2464 http fetch GET 200 https://registry.npmjs.org/rettime/-/rettime-0.7.0.tgz 1712ms (cache miss)
2465 http fetch GET 200 https://registry.npmjs.org/dunder-proto/-/dunder-proto-1.0.1.tgz 1794ms (cache miss)
2466 http fetch GET 200 https://registry.npmjs.org/get-proto/-/get-proto-1.0.1.tgz 1793ms (cache miss)
2467 http fetch GET 200 https://registry.npmjs.org/formdata-polyfill/-/formdata-polyfill-4.0.10.tgz 1761ms (cache miss)
2468 http fetch GET 200 https://registry.npmjs.org/@open-draft/until/-/until-2.1.0.tgz 1760ms (cache miss)
2469 http fetch GET 200 https://registry.npmjs.org/@types/statuses/-/statuses-2.0.6.tgz 1752ms (cache miss)
2470 http fetch GET 200 https://registry.npmjs.org/json-parse-even-better-errors/-/json-parse-even-better-errors-2.3.1.tgz 1811ms (cache miss)
2471 http fetch GET 200 https://registry.npmjs.org/data-uri-to-buffer/-/data-uri-to-buffer-4.0.1.tgz 1803ms (cache miss)
2472 http fetch GET 200 https://registry.npmjs.org/@inquirer/figures/-/figures-1.0.15.tgz 1801ms (cache miss)
2473 http fetch GET 200 https://registry.npmjs.org/strict-event-emitter/-/strict-event-emitter-0.5.1.tgz 1798ms (cache miss)
2474 http fetch GET 200 https://registry.npmjs.org/outvariant/-/outvariant-1.4.3.tgz 1797ms (cache miss)
2475 http fetch GET 200 https://registry.npmjs.org/fill-range/-/fill-range-7.1.1.tgz 1795ms (cache miss)
2476 http fetch GET 200 https://registry.npmjs.org/@inquirer/ansi/-/ansi-1.0.2.tgz 1848ms (cache miss)
2477 http fetch GET 200 https://registry.npmjs.org/setprototypeof/-/setprototypeof-1.2.0.tgz 1847ms (cache miss)
2478 http fetch GET 200 https://registry.npmjs.org/inherits/-/inherits-2.0.4.tgz 1848ms (cache miss)
2479 http fetch GET 200 https://registry.npmjs.org/toidentifier/-/toidentifier-1.0.1.tgz 1849ms (cache miss)
2480 http fetch GET 200 https://registry.npmjs.org/function-bind/-/function-bind-1.1.2.tgz 1984ms (cache miss)
2481 http fetch GET 200 https://registry.npmjs.org/@inquirer/confirm/-/confirm-5.1.21.tgz 1945ms (cache miss)
2482 http fetch GET 200 https://registry.npmjs.org/safer-buffer/-/safer-buffer-2.1.2.tgz 1942ms (cache miss)
2483 http fetch GET 200 https://registry.npmjs.org/jsonfile/-/jsonfile-6.2.0.tgz 1938ms (cache miss)
2484 http fetch GET 200 https://registry.npmjs.org/is-unicode-supported/-/is-unicode-supported-2.1.0.tgz 1938ms (cache miss)
2485 http fetch GET 200 https://registry.npmjs.org/graceful-fs/-/graceful-fs-4.2.11.tgz 1939ms (cache miss)
2486 http fetch GET 200 https://registry.npmjs.org/universalify/-/universalify-2.0.1.tgz 1940ms (cache miss)
2487 http fetch GET 200 https://registry.npmjs.org/call-bind-apply-helpers/-/call-bind-apply-helpers-1.0.2.tgz 2025ms (cache miss)
2488 http fetch GET 200 https://registry.npmjs.org/fetch-blob/-/fetch-blob-3.2.0.tgz 1995ms (cache miss)
2489 http fetch GET 200 https://registry.npmjs.org/to-regex-range/-/to-regex-range-5.0.1.tgz 1984ms (cache miss)
2490 http fetch GET 200 https://registry.npmjs.org/braces/-/braces-3.0.3.tgz 1984ms (cache miss)
2491 http fetch GET 200 https://registry.npmjs.org/yallist/-/yallist-3.1.1.tgz 1984ms (cache miss)
2492 http fetch GET 200 https://registry.npmjs.org/agent-base/-/agent-base-7.1.4.tgz 1981ms (cache miss)
2493 http fetch GET 200 https://registry.npmjs.org/is-glob/-/is-glob-4.0.3.tgz 1981ms (cache miss)
2494 http fetch GET 200 https://registry.npmjs.org/parent-module/-/parent-module-1.0.1.tgz 1983ms (cache miss)
2495 http fetch GET 200 https://registry.npmjs.org/@nodelib/fs.stat/-/fs.stat-2.0.5.tgz 1976ms (cache miss)
2496 http fetch GET 200 https://registry.npmjs.org/side-channel/-/side-channel-1.1.0.tgz 2057ms (cache miss)
2497 http fetch GET 200 https://registry.npmjs.org/headers-polyfill/-/headers-polyfill-4.0.3.tgz 2022ms (cache miss)
2498 http fetch GET 200 https://registry.npmjs.org/is-node-process/-/is-node-process-1.2.0.tgz 2024ms (cache miss)
2499 http fetch GET 200 https://registry.npmjs.org/resolve-from/-/resolve-from-4.0.0.tgz 2018ms (cache miss)
2500 http fetch GET 200 https://registry.npmjs.org/is-extglob/-/is-extglob-2.1.1.tgz 2018ms (cache miss)
2501 http fetch GET 200 https://registry.npmjs.org/statuses/-/statuses-2.0.2.tgz 2008ms (cache miss)
2502 http fetch GET 200 https://registry.npmjs.org/get-intrinsic/-/get-intrinsic-1.3.0.tgz 2104ms (cache miss)
2503 http fetch GET 200 https://registry.npmjs.org/tiny-invariant/-/tiny-invariant-1.3.3.tgz 2100ms (cache miss)
2504 http fetch GET 200 https://registry.npmjs.org/merge2/-/merge2-1.4.1.tgz 2051ms (cache miss)
2505 http fetch GET 200 https://registry.npmjs.org/glob-parent/-/glob-parent-5.1.2.tgz 2051ms (cache miss)
2506 http fetch GET 200 https://registry.npmjs.org/@nodelib/fs.walk/-/fs.walk-1.2.8.tgz 2051ms (cache miss)
2507 http fetch GET 200 https://registry.npmjs.org/negotiator/-/negotiator-1.0.0.tgz 2051ms (cache miss)
2508 http fetch GET 200 https://registry.npmjs.org/range-parser/-/range-parser-1.2.1.tgz 2049ms (cache miss)
2509 http fetch GET 200 https://registry.npmjs.org/mime-types/-/mime-types-3.0.2.tgz 2047ms (cache miss)
2510 http fetch GET 200 https://registry.npmjs.org/merge-descriptors/-/merge-descriptors-2.0.0.tgz 2047ms (cache miss)
2511 http fetch GET 200 https://registry.npmjs.org/once/-/once-1.4.0.tgz 2048ms (cache miss)
2512 http fetch GET 200 https://registry.npmjs.org/on-finished/-/on-finished-2.4.1.tgz 2048ms (cache miss)
2513 http fetch GET 200 https://registry.npmjs.org/es-errors/-/es-errors-1.3.0.tgz 2147ms (cache miss)
2514 http fetch GET 200 https://registry.npmjs.org/run-parallel/-/run-parallel-1.2.0.tgz 2098ms (cache miss)
2515 http fetch GET 200 https://registry.npmjs.org/micromatch/-/micromatch-4.0.8.tgz 2097ms (cache miss)
2516 http fetch GET 200 https://registry.npmjs.org/type-is/-/type-is-2.0.1.tgz 2096ms (cache miss)
2517 http fetch GET 200 https://registry.npmjs.org/etag/-/etag-1.8.1.tgz 2089ms (cache miss)
2518 http fetch GET 200 https://registry.npmjs.org/encodeurl/-/encodeurl-2.0.0.tgz 2089ms (cache miss)
2519 http fetch GET 200 https://registry.npmjs.org/has-symbols/-/has-symbols-1.1.0.tgz 2199ms (cache miss)
2520 http fetch GET 200 https://registry.npmjs.org/mime-db/-/mime-db-1.54.0.tgz 2154ms (cache miss)
2521 http fetch GET 200 https://registry.npmjs.org/@open-draft/deferred-promise/-/deferred-promise-2.2.0.tgz 2155ms (cache miss)
2522 http fetch GET 200 https://registry.npmjs.org/@nodelib/fs.scandir/-/fs.scandir-2.1.5.tgz 2144ms (cache miss)
2523 http fetch GET 200 https://registry.npmjs.org/send/-/send-1.2.0.tgz 2141ms (cache miss)
2524 http fetch GET 200 https://registry.npmjs.org/bytes/-/bytes-3.1.2.tgz 2142ms (cache miss)
2525 http fetch GET 200 https://registry.npmjs.org/proxy-addr/-/proxy-addr-2.0.7.tgz 2139ms (cache miss)
2526 http fetch GET 200 https://registry.npmjs.org/serve-static/-/serve-static-2.2.0.tgz 2141ms (cache miss)
2527 http fetch GET 200 https://registry.npmjs.org/escape-html/-/escape-html-1.0.3.tgz 2137ms (cache miss)
2528 http fetch GET 200 https://registry.npmjs.org/accepts/-/accepts-2.0.0.tgz 2134ms (cache miss)
2529 http fetch GET 200 https://registry.npmjs.org/yoctocolors/-/yoctocolors-2.1.2.tgz 2134ms (cache miss)
2530 http fetch GET 200 https://registry.npmjs.org/strip-final-newline/-/strip-final-newline-4.0.0.tgz 2134ms (cache miss)
2531 http fetch GET 200 https://registry.npmjs.org/signal-exit/-/signal-exit-4.1.0.tgz 2133ms (cache miss)
2532 http fetch GET 200 https://registry.npmjs.org/finalhandler/-/finalhandler-2.1.1.tgz 2140ms (cache miss)
2533 http fetch GET 200 https://registry.npmjs.org/@inquirer/type/-/type-3.0.10.tgz 2205ms (cache miss)
2534 http fetch GET 200 https://registry.npmjs.org/fresh/-/fresh-2.0.0.tgz 2180ms (cache miss)
2535 http fetch GET 200 https://registry.npmjs.org/npm-run-path/-/npm-run-path-6.0.0.tgz 2175ms (cache miss)
2536 http fetch GET 200 https://registry.npmjs.org/is-plain-obj/-/is-plain-obj-4.1.0.tgz 2175ms (cache miss)
2537 http fetch GET 200 https://registry.npmjs.org/is-stream/-/is-stream-4.0.1.tgz 2175ms (cache miss)
2538 http fetch GET 200 https://registry.npmjs.org/reusify/-/reusify-1.1.0.tgz 2256ms (cache miss)
2539 http fetch GET 200 https://registry.npmjs.org/parseurl/-/parseurl-1.3.3.tgz 2248ms (cache miss)
2540 http fetch GET 200 https://registry.npmjs.org/http-errors/-/http-errors-2.0.1.tgz 2247ms (cache miss)
2541 http fetch GET 200 https://registry.npmjs.org/cookie-signature/-/cookie-signature-1.2.2.tgz 2244ms (cache miss)
2542 http fetch GET 200 https://registry.npmjs.org/content-disposition/-/content-disposition-1.0.1.tgz 2243ms (cache miss)
2543 http fetch GET 200 https://registry.npmjs.org/body-parser/-/body-parser-2.2.1.tgz 2244ms (cache miss)
2544 http fetch GET 200 https://registry.npmjs.org/figures/-/figures-6.1.0.tgz 2240ms (cache miss)
2545 http fetch GET 200 https://registry.npmjs.org/path-key/-/path-key-3.1.1.tgz 2237ms (cache miss)
2546 http fetch GET 200 https://registry.npmjs.org/cookie/-/cookie-0.7.2.tgz 2282ms (cache miss)
2547 http fetch GET 200 https://registry.npmjs.org/pretty-ms/-/pretty-ms-9.3.0.tgz 2280ms (cache miss)
2548 http fetch GET 200 https://registry.npmjs.org/parse-json/-/parse-json-5.2.0.tgz 2275ms (cache miss)
2549 http fetch GET 200 https://registry.npmjs.org/import-fresh/-/import-fresh-3.3.1.tgz 2276ms (cache miss)
2550 http fetch GET 200 https://registry.npmjs.org/env-paths/-/env-paths-2.2.1.tgz 2275ms (cache miss)
2551 http fetch GET 200 https://registry.npmjs.org/object-assign/-/object-assign-4.1.1.tgz 2275ms (cache miss)
2552 http fetch GET 200 https://registry.npmjs.org/depd/-/depd-2.0.0.tgz 2357ms (cache miss)
2553 http fetch GET 200 https://registry.npmjs.org/shebang-command/-/shebang-command-2.0.0.tgz 2348ms (cache miss)
2554 http fetch GET 200 https://registry.npmjs.org/@sindresorhus/merge-streams/-/merge-streams-4.0.0.tgz 2352ms (cache miss)
2555 http fetch GET 200 https://registry.npmjs.org/update-browserslist-db/-/update-browserslist-db-1.2.2.tgz 2347ms (cache miss)
2556 http fetch GET 200 https://registry.npmjs.org/nanoid/-/nanoid-3.3.11.tgz 2441ms (cache miss)
2557 http fetch GET 200 https://registry.npmjs.org/ms/-/ms-2.1.3.tgz 2391ms (cache miss)
2558 http fetch GET 200 https://registry.npmjs.org/fastq/-/fastq-1.19.1.tgz 2454ms (cache miss)
2559 http fetch GET 200 https://registry.npmjs.org/vary/-/vary-1.1.2.tgz 2433ms (cache miss)
2560 http fetch GET 200 https://registry.npmjs.org/node-releases/-/node-releases-2.0.27.tgz 2432ms (cache miss)
2561 http fetch GET 200 https://registry.npmjs.org/content-type/-/content-type-1.0.5.tgz 2427ms (cache miss)
2562 http fetch GET 200 https://registry.npmjs.org/eventsource-parser/-/eventsource-parser-3.0.6.tgz 2429ms (cache miss)
2563 http fetch GET 200 https://registry.npmjs.org/isexe/-/isexe-3.1.1.tgz 2552ms (cache miss)
2564 http fetch GET 200 https://registry.npmjs.org/get-stream/-/get-stream-9.0.1.tgz 2470ms (cache miss)
2565 http fetch GET 200 https://registry.npmjs.org/fast-deep-equal/-/fast-deep-equal-3.1.3.tgz 2461ms (cache miss)
2566 http fetch GET 200 https://registry.npmjs.org/require-from-string/-/require-from-string-2.0.2.tgz 2464ms (cache miss)
2567 http fetch GET 200 https://registry.npmjs.org/tslib/-/tslib-2.8.1.tgz 2577ms (cache miss)
2568 http fetch GET 200 https://registry.npmjs.org/human-signals/-/human-signals-8.0.1.tgz 2519ms (cache miss)
2569 http fetch GET 200 https://registry.npmjs.org/raw-body/-/raw-body-3.0.2.tgz 2520ms (cache miss)
2570 http fetch GET 200 https://registry.npmjs.org/pkce-challenge/-/pkce-challenge-5.0.1.tgz 2520ms (cache miss)
2571 http fetch GET 200 https://registry.npmjs.org/cross-spawn/-/cross-spawn-7.0.6.tgz 2518ms (cache miss)
2572 http fetch GET 200 https://registry.npmjs.org/object-treeify/-/object-treeify-1.1.33.tgz 2516ms (cache miss)
2573 http fetch GET 200 https://registry.npmjs.org/@babel/helper-globals/-/helper-globals-7.28.0.tgz 2542ms (cache miss)
2574 http fetch GET 200 https://registry.npmjs.org/@babel/plugin-syntax-jsx/-/plugin-syntax-jsx-7.27.1.tgz 2543ms (cache miss)
2575 http fetch GET 200 https://registry.npmjs.org/@babel/helper-optimise-call-expression/-/helper-optimise-call-expression-7.27.1.tgz 2542ms (cache miss)
2576 http fetch GET 200 https://registry.npmjs.org/minimist/-/minimist-1.2.8.tgz 2659ms (cache miss)
2577 http fetch GET 200 https://registry.npmjs.org/yargs-parser/-/yargs-parser-21.1.1.tgz 2614ms (cache miss)
2578 http fetch GET 200 https://registry.npmjs.org/cors/-/cors-2.8.5.tgz 2576ms (cache miss)
2579 http fetch GET 200 https://registry.npmjs.org/@jridgewell/resolve-uri/-/resolve-uri-3.1.2.tgz 2575ms (cache miss)
2580 http fetch GET 200 https://registry.npmjs.org/which/-/which-4.0.0.tgz 2576ms (cache miss)
2581 http fetch GET 200 https://registry.npmjs.org/@babel/helper-skip-transparent-expression-wrappers/-/helper-skip-transparent-expression-wrappers-7.27.1.tgz 2558ms (cache miss)
2582 http fetch GET 200 https://registry.npmjs.org/code-block-writer/-/code-block-writer-13.0.3.tgz 2707ms (cache miss)
2583 http fetch GET 200 https://registry.npmjs.org/ignore/-/ignore-5.3.2.tgz 2615ms (cache miss)
2584 http fetch GET 200 https://registry.npmjs.org/fdir/-/fdir-6.5.0.tgz 2615ms (cache miss)
2585 http fetch GET 200 https://registry.npmjs.org/@babel/helper-replace-supers/-/helper-replace-supers-7.27.1.tgz 2602ms (cache miss)
2586 http fetch GET 200 https://registry.npmjs.org/lru-cache/-/lru-cache-5.1.1.tgz 2595ms (cache miss)
2587 http fetch GET 200 https://registry.npmjs.org/@babel/helper-module-imports/-/helper-module-imports-7.27.1.tgz 2596ms (cache miss)
2588 http fetch GET 200 https://registry.npmjs.org/@babel/plugin-syntax-typescript/-/plugin-syntax-typescript-7.27.1.tgz 2600ms (cache miss)
2589 http fetch GET 200 https://registry.npmjs.org/@babel/helper-plugin-utils/-/helper-plugin-utils-7.27.1.tgz 2600ms (cache miss)
2590 http fetch GET 200 https://registry.npmjs.org/@babel/helper-annotate-as-pure/-/helper-annotate-as-pure-7.27.3.tgz 2598ms (cache miss)
2591 http fetch GET 200 https://registry.npmjs.org/jsesc/-/jsesc-3.1.0.tgz 2595ms (cache miss)
2592 http fetch GET 200 https://registry.npmjs.org/@babel/compat-data/-/compat-data-7.28.5.tgz 2596ms (cache miss)
2593 http fetch GET 200 https://registry.npmjs.org/router/-/router-2.2.0.tgz 2676ms (cache miss)
2594 http fetch GET 200 https://registry.npmjs.org/@babel/helper-member-expression-to-functions/-/helper-member-expression-to-functions-7.28.5.tgz 2634ms (cache miss)
2595 http fetch GET 200 https://registry.npmjs.org/picocolors/-/picocolors-1.1.1.tgz 2627ms (cache miss)
2596 http fetch GET 200 https://registry.npmjs.org/@babel/helper-string-parser/-/helper-string-parser-7.27.1.tgz 2662ms (cache miss)
2597 http fetch GET 200 https://registry.npmjs.org/@babel/plugin-transform-modules-commonjs/-/plugin-transform-modules-commonjs-7.27.1.tgz 2656ms (cache miss)
2598 http fetch GET 200 https://registry.npmjs.org/@babel/helper-validator-option/-/helper-validator-option-7.27.1.tgz 2651ms (cache miss)
2599 http fetch GET 200 https://registry.npmjs.org/semver/-/semver-6.3.1.tgz 2648ms (cache miss)
2600 http fetch GET 200 https://registry.npmjs.org/debug/-/debug-4.4.3.tgz 2647ms (cache miss)
2601 http fetch GET 200 https://registry.npmjs.org/@babel/helper-compilation-targets/-/helper-compilation-targets-7.27.2.tgz 2645ms (cache miss)
2602 http fetch GET 200 https://registry.npmjs.org/gensync/-/gensync-1.0.0-beta.2.tgz 2649ms (cache miss)
2603 http fetch GET 200 https://registry.npmjs.org/argparse/-/argparse-2.0.1.tgz 2732ms (cache miss)
2604 http fetch GET 200 https://registry.npmjs.org/json-schema-traverse/-/json-schema-traverse-1.0.0.tgz 2704ms (cache miss)
2605 http fetch GET 200 https://registry.npmjs.org/convert-source-map/-/convert-source-map-2.0.0.tgz 2670ms (cache miss)
2606 http fetch GET 200 https://registry.npmjs.org/@babel/code-frame/-/code-frame-7.27.1.tgz 2668ms (cache miss)
2607 http fetch GET 200 https://registry.npmjs.org/tinyexec/-/tinyexec-1.0.2.tgz 2668ms (cache miss)
2608 http fetch GET 200 https://registry.npmjs.org/math-intrinsics/-/math-intrinsics-1.1.0.tgz 2805ms (cache miss)
2609 http fetch GET 200 https://registry.npmjs.org/js-tokens/-/js-tokens-4.0.0.tgz 2693ms (cache miss)
2610 http fetch GET 200 https://registry.npmjs.org/@babel/helper-validator-identifier/-/helper-validator-identifier-7.28.5.tgz 2694ms (cache miss)
2611 http fetch GET 200 https://registry.npmjs.org/stringify-object/-/stringify-object-5.0.0.tgz 2685ms (cache miss)
2612 http fetch GET 200 https://registry.npmjs.org/ora/-/ora-8.2.0.tgz 2684ms (cache miss)
2613 http fetch GET 200 https://registry.npmjs.org/chalk/-/chalk-5.6.2.tgz 2793ms (cache miss)
2614 http fetch GET 200 https://registry.npmjs.org/ajv-formats/-/ajv-formats-3.0.1.tgz 2738ms (cache miss)
2615 http fetch GET 200 https://registry.npmjs.org/ansis/-/ansis-4.2.0.tgz 2705ms (cache miss)
2616 http fetch GET 200 https://registry.npmjs.org/kleur/-/kleur-4.1.5.tgz 2701ms (cache miss)
2617 http fetch GET 200 https://registry.npmjs.org/dotenv/-/dotenv-17.2.3.tgz 2743ms (cache miss)
2618 http fetch GET 200 https://registry.npmjs.org/@ecies/ciphers/-/ciphers-0.2.5.tgz 2772ms (cache miss)
2619 http fetch GET 200 https://registry.npmjs.org/electron-to-chromium/-/electron-to-chromium-1.5.264.tgz 2768ms (cache miss)
2620 http fetch GET 200 https://registry.npmjs.org/dedent/-/dedent-1.7.0.tgz 2723ms (cache miss)
2621 http fetch GET 200 https://registry.npmjs.org/path-to-regexp/-/path-to-regexp-6.3.0.tgz 2831ms (cache miss)
2622 http fetch GET 200 https://registry.npmjs.org/package-manager-detector/-/package-manager-detector-1.6.0.tgz 2753ms (cache miss)
2623 http fetch GET 200 https://registry.npmjs.org/fuzzysort/-/fuzzysort-3.1.0.tgz 2747ms (cache miss)
2624 http fetch GET 200 https://registry.npmjs.org/baseline-browser-mapping/-/baseline-browser-mapping-2.9.2.tgz 2808ms (cache miss)
2625 http fetch GET 200 https://registry.npmjs.org/deepmerge/-/deepmerge-4.3.1.tgz 2763ms (cache miss)
2626 http fetch GET 200 https://registry.npmjs.org/@babel/preset-typescript/-/preset-typescript-7.28.5.tgz 2761ms (cache miss)
2627 http fetch GET 200 https://registry.npmjs.org/ansi-regex/-/ansi-regex-5.0.1.tgz 2758ms (cache miss)
2628 http fetch GET 200 https://registry.npmjs.org/wrap-ansi/-/wrap-ansi-7.0.0.tgz 2757ms (cache miss)
2629 http fetch GET 200 https://registry.npmjs.org/string-width/-/string-width-4.2.3.tgz 2756ms (cache miss)
2630 http fetch GET 200 https://registry.npmjs.org/express-rate-limit/-/express-rate-limit-7.5.1.tgz 2822ms (cache miss)
2631 http fetch GET 200 https://registry.npmjs.org/express/-/express-5.2.1.tgz 2822ms (cache miss)
2632 http fetch GET 200 https://registry.npmjs.org/browserslist/-/browserslist-4.28.1.tgz 2779ms (cache miss)
2633 http fetch GET 200 https://registry.npmjs.org/strip-ansi/-/strip-ansi-6.0.1.tgz 2772ms (cache miss)
2634 http fetch GET 200 https://registry.npmjs.org/emoji-regex/-/emoji-regex-8.0.0.tgz 2784ms (cache miss)
2635 http fetch GET 200 https://registry.npmjs.org/is-unicode-supported/-/is-unicode-supported-1.3.0.tgz 2782ms (cache miss)
2636 http fetch GET 200 https://registry.npmjs.org/path-to-regexp/-/path-to-regexp-8.3.0.tgz 2778ms (cache miss)
2637 http fetch GET 200 https://registry.npmjs.org/path-key/-/path-key-4.0.0.tgz 2778ms (cache miss)
2638 http fetch GET 200 https://registry.npmjs.org/isexe/-/isexe-2.0.0.tgz 2778ms (cache miss)
2639 http fetch GET 200 https://registry.npmjs.org/which/-/which-2.0.2.tgz 2777ms (cache miss)
2640 http fetch GET 200 https://registry.npmjs.org/eventsource/-/eventsource-3.0.7.tgz 2846ms (cache miss)
2641 http fetch GET 200 https://registry.npmjs.org/cookie/-/cookie-1.1.1.tgz 2787ms (cache miss)
2642 http fetch GET 200 https://registry.npmjs.org/signal-exit/-/signal-exit-3.0.7.tgz 2787ms (cache miss)
2643 http fetch GET 200 https://registry.npmjs.org/npm-run-path/-/npm-run-path-4.0.1.tgz 2785ms (cache miss)
2644 http fetch GET 200 https://registry.npmjs.org/onetime/-/onetime-5.1.2.tgz 2787ms (cache miss)
2645 http fetch GET 200 https://registry.npmjs.org/is-stream/-/is-stream-2.0.1.tgz 2786ms (cache miss)
2646 http fetch GET 200 https://registry.npmjs.org/human-signals/-/human-signals-2.1.0.tgz 2785ms (cache miss)
2647 http fetch GET 200 https://registry.npmjs.org/node-domexception/-/node-domexception-1.0.0.tgz 2922ms (cache miss)
2648 http fetch GET 200 https://registry.npmjs.org/ansi-regex/-/ansi-regex-5.0.1.tgz 2819ms (cache miss)
2649 http fetch GET 200 https://registry.npmjs.org/ansi-regex/-/ansi-regex-5.0.1.tgz 2817ms (cache miss)
2650 http fetch GET 200 https://registry.npmjs.org/strip-ansi/-/strip-ansi-6.0.1.tgz 2819ms (cache miss)
2651 http fetch GET 200 https://registry.npmjs.org/strip-ansi/-/strip-ansi-6.0.1.tgz 2818ms (cache miss)
2652 http fetch GET 200 https://registry.npmjs.org/string-width/-/string-width-4.2.3.tgz 2819ms (cache miss)
2653 http fetch GET 200 https://registry.npmjs.org/string-width/-/string-width-4.2.3.tgz 2817ms (cache miss)
2654 http fetch GET 200 https://registry.npmjs.org/kleur/-/kleur-3.0.3.tgz 2815ms (cache miss)
2655 http fetch GET 200 https://registry.npmjs.org/strip-final-newline/-/strip-final-newline-2.0.0.tgz 2813ms (cache miss)
2656 http fetch GET 200 https://registry.npmjs.org/get-stream/-/get-stream-6.0.1.tgz 2806ms (cache miss)
2657 http fetch GET 200 https://registry.npmjs.org/esprima/-/esprima-4.0.1.tgz 2962ms (cache miss)
2658 http fetch GET 200 https://registry.npmjs.org/https-proxy-agent/-/https-proxy-agent-7.0.6.tgz 2844ms (cache miss)
2659 http fetch GET 200 https://registry.npmjs.org/picomatch/-/picomatch-2.3.1.tgz 2828ms (cache miss)
2660 warn deprecated node-domexception@1.0.0: Use your platform's native DOMException instead
2661 http fetch GET 200 https://registry.npmjs.org/@sec-ant/readable-stream/-/readable-stream-0.4.1.tgz 2929ms (cache miss)
2662 http fetch GET 200 https://registry.npmjs.org/emoji-regex/-/emoji-regex-8.0.0.tgz 2841ms (cache miss)
2663 http fetch GET 200 https://registry.npmjs.org/emoji-regex/-/emoji-regex-8.0.0.tgz 2838ms (cache miss)
2664 http fetch GET 200 https://registry.npmjs.org/execa/-/execa-5.1.1.tgz 2825ms (cache miss)
2665 http fetch GET 200 https://registry.npmjs.org/picomatch/-/picomatch-4.0.3.tgz 2910ms (cache miss)
2666 http fetch GET 200 https://registry.npmjs.org/@babel/template/-/template-7.27.2.tgz 2881ms (cache miss)
2667 http fetch GET 200 https://registry.npmjs.org/eciesjs/-/eciesjs-0.4.16.tgz 2915ms (cache miss)
2668 http fetch GET 200 https://registry.npmjs.org/fzf/-/fzf-0.5.2.tgz 2885ms (cache miss)
2669 http fetch GET 200 https://registry.npmjs.org/@babel/plugin-transform-typescript/-/plugin-transform-typescript-7.28.5.tgz 2907ms (cache miss)
2670 http fetch GET 200 https://registry.npmjs.org/qs/-/qs-6.14.0.tgz 2985ms (cache miss)
2671 http fetch GET 200 https://registry.npmjs.org/@babel/helper-module-transforms/-/helper-module-transforms-7.28.3.tgz 2928ms (cache miss)
2672 http fetch GET 200 https://registry.npmjs.org/source-map-js/-/source-map-js-1.2.1.tgz 3065ms (cache miss)
2673 http fetch GET 200 https://registry.npmjs.org/node-fetch/-/node-fetch-3.3.2.tgz 2962ms (cache miss)
2674 http fetch GET 200 https://registry.npmjs.org/commander/-/commander-14.0.2.tgz 2957ms (cache miss)
2675 http fetch GET 200 https://registry.npmjs.org/@jridgewell/sourcemap-codec/-/sourcemap-codec-1.5.5.tgz 3007ms (cache miss)
2676 http fetch GET 200 https://registry.npmjs.org/@jridgewell/remapping/-/remapping-2.3.5.tgz 2978ms (cache miss)
2677 http fetch GET 200 https://registry.npmjs.org/commander/-/commander-11.1.0.tgz 2952ms (cache miss)
2678 http fetch GET 200 https://registry.npmjs.org/object-inspect/-/object-inspect-1.13.4.tgz 3133ms (cache miss)
2679 http fetch GET 200 https://registry.npmjs.org/@jridgewell/gen-mapping/-/gen-mapping-0.3.13.tgz 3024ms (cache miss)
2680 http fetch GET 200 https://registry.npmjs.org/json5/-/json5-2.2.3.tgz 3044ms (cache miss)
2681 http fetch GET 200 https://registry.npmjs.org/@antfu/ni/-/ni-25.0.0.tgz 3037ms (cache miss)
2682 http fetch GET 200 https://registry.npmjs.org/fast-uri/-/fast-uri-3.1.0.tgz 3097ms (cache miss)
2683 http fetch GET 200 https://registry.npmjs.org/@babel/helper-create-class-features-plugin/-/helper-create-class-features-plugin-7.28.5.tgz 3070ms (cache miss)
2684 http fetch GET 200 https://registry.npmjs.org/minimatch/-/minimatch-10.1.1.tgz 3241ms (cache miss)
2685 http fetch GET 200 https://registry.npmjs.org/js-yaml/-/js-yaml-4.1.1.tgz 3162ms (cache miss)
2686 http fetch GET 200 https://registry.npmjs.org/iconv-lite/-/iconv-lite-0.7.0.tgz 3195ms (cache miss)
2687 http fetch GET 200 https://registry.npmjs.org/fs-extra/-/fs-extra-11.3.2.tgz 3167ms (cache miss)
2688 http fetch GET 200 https://registry.npmjs.org/@jridgewell/trace-mapping/-/trace-mapping-0.3.31.tgz 3193ms (cache miss)
2689 http fetch GET 200 https://registry.npmjs.org/cosmiconfig/-/cosmiconfig-9.0.0.tgz 3202ms (cache miss)
2690 http fetch GET 200 https://registry.npmjs.org/tough-cookie/-/tough-cookie-6.0.0.tgz 3310ms (cache miss)
2691 http fetch GET 200 https://registry.npmjs.org/recast/-/recast-0.23.11.tgz 3237ms (cache miss)
2692 http fetch GET 200 https://registry.npmjs.org/yargs/-/yargs-17.7.2.tgz 3357ms (cache miss)
2693 http fetch GET 200 https://registry.npmjs.org/postcss/-/postcss-8.5.6.tgz 3270ms (cache miss)
2694 http fetch GET 200 https://registry.npmjs.org/fast-glob/-/fast-glob-3.3.3.tgz 3288ms (cache miss)
2695 http fetch GET 200 https://registry.npmjs.org/shadcn/-/shadcn-3.5.1.tgz 3348ms (cache miss)
2696 http fetch GET 200 https://registry.npmjs.org/@inquirer/core/-/core-10.3.2.tgz 3452ms (cache miss)
2697 http fetch GET 200 https://registry.npmjs.org/tldts-core/-/tldts-core-7.0.19.tgz 3501ms (cache miss)
2698 http fetch GET 200 https://registry.npmjs.org/@babel/generator/-/generator-7.28.5.tgz 3390ms (cache miss)
2699 http fetch GET 200 https://registry.npmjs.org/source-map/-/source-map-0.6.1.tgz 3513ms (cache miss)
2700 http fetch GET 200 https://registry.npmjs.org/tsconfig-paths/-/tsconfig-paths-4.2.0.tgz 3417ms (cache miss)
2701 http fetch GET 200 https://registry.npmjs.org/ts-morph/-/ts-morph-26.0.0.tgz 3420ms (cache miss)
2702 http fetch GET 200 https://registry.npmjs.org/prompts/-/prompts-2.4.2.tgz 3430ms (cache miss)
2703 http fetch GET 200 https://registry.npmjs.org/@babel/traverse/-/traverse-7.28.5.tgz 3530ms (cache miss)
2704 http fetch GET 200 https://registry.npmjs.org/ast-types/-/ast-types-0.16.1.tgz 3734ms (cache miss)
2705 http fetch GET 200 https://registry.npmjs.org/@babel/parser/-/parser-7.28.5.tgz 3627ms (cache miss)
2706 http fetch GET 200 https://registry.npmjs.org/@dotenvx/dotenvx/-/dotenvx-1.51.1.tgz 3651ms (cache miss)
2707 http fetch GET 200 https://registry.npmjs.org/diff/-/diff-8.0.2.tgz 3788ms (cache miss)
2708 http fetch GET 200 https://registry.npmjs.org/@noble/ciphers/-/ciphers-1.3.0.tgz 3864ms (cache miss)
2709 http fetch GET 200 https://registry.npmjs.org/tldts/-/tldts-7.0.19.tgz 3992ms (cache miss)
2710 http fetch GET 200 https://registry.npmjs.org/execa/-/execa-9.6.1.tgz 3893ms (cache miss)
2711 http fetch GET 200 https://registry.npmjs.org/jose/-/jose-6.1.3.tgz 3944ms (cache miss)
2712 http fetch GET 200 https://registry.npmjs.org/@babel/core/-/core-7.28.5.tgz 3922ms (cache miss)
2713 http fetch GET 200 https://registry.npmjs.org/type-fest/-/type-fest-5.3.0.tgz 4042ms (cache miss)
2714 http fetch GET 200 https://registry.npmjs.org/@babel/helpers/-/helpers-7.28.4.tgz 4103ms (cache miss)
2715 http fetch GET 200 https://registry.npmjs.org/@noble/hashes/-/hashes-1.8.0.tgz 4280ms (cache miss)
2716 http fetch GET 200 https://registry.npmjs.org/@babel/types/-/types-7.28.5.tgz 4365ms (cache miss)
2717 http fetch GET 200 https://registry.npmjs.org/@noble/curves/-/curves-1.9.7.tgz 4423ms (cache miss)
2718 http fetch GET 200 https://registry.npmjs.org/@mswjs/interceptors/-/interceptors-0.40.0.tgz 4541ms (cache miss)
2719 http fetch GET 200 https://registry.npmjs.org/graphql/-/graphql-16.12.0.tgz 4736ms (cache miss)
2720 http fetch GET 200 https://registry.npmjs.org/ajv/-/ajv-8.17.1.tgz 4803ms (cache miss)
2721 http fetch GET 200 https://registry.npmjs.org/web-streams-polyfill/-/web-streams-polyfill-3.3.3.tgz 4893ms (cache miss)
2722 http fetch GET 200 https://registry.npmjs.org/@ts-morph/common/-/common-0.27.0.tgz 5105ms (cache miss)
2723 http fetch GET 200 https://registry.npmjs.org/zod/-/zod-3.25.76.tgz 5224ms (cache miss)
2724 http fetch GET 200 https://registry.npmjs.org/msw/-/msw-2.12.4.tgz 5234ms (cache miss)
2725 http fetch GET 200 https://registry.npmjs.org/caniuse-lite/-/caniuse-lite-1.0.30001759.tgz 5298ms (cache miss)
2726 http fetch GET 200 https://registry.npmjs.org/@modelcontextprotocol/sdk/-/sdk-1.24.3.tgz 5289ms (cache miss)
2727 http fetch GET 200 https://registry.npmjs.org/zod-to-json-schema/-/zod-to-json-schema-3.25.0.tgz 6160ms (cache miss)
2728 info run msw@2.12.4 postinstall node_modules/msw node -e "import('./config/scripts/postinstall.js').catch(() => void 0)"
2729 info run msw@2.12.4 postinstall { code: 0, signal: null }
2730 verbose cwd /Users/jokarzy/leviathan
2731 verbose os Linux 6.1.102
2732 verbose node v24.4.1
2733 verbose npm  v11.4.2
2734 notice
2734 notice New minor version of npm available! 11.4.2 -> 11.6.4
2734 notice Changelog: https://github.com/npm/cli/releases/tag/v11.6.4
2734 notice To update run: npm install -g npm@11.6.4
2734 notice  { force: true, Symbol(proc-log.meta): true }
2735 verbose exit 1
2736 verbose code 1
